id,deal_id,device_type,referrer_url,clicked_at
0db473cb-3e1b-4546-9af1-e54911809ede,c5dfd703-f176-4875-b62f-ebd3d454348a,mobile,,2026-09-25T09:59:07.660Z
1e7fd602-20e1-4796-b098-75cffda16977,406703c7-69bc-4569-bcf4-15e43e9875b2,desktop,,2026-09-24T17:17:28.515Z
497dd3a7-a889-42e5-b316-cf3f9028905f,09933c39-04b2-44ce-b4ef-c8f440212381,desktop,,2026-09-25T06:21:36.637Z
575905ee-9c7d-4450-8909-ec33f302b94f,2c5d20de-1bb4-4acf-a301-5919709dd0fc,desktop,,2026-09-22T12:58:21.290Z
59ab8c82-2392-4964-919e-90f931f7a54a,96c3de12-be89-41a7-a1c4-227b44c86a56,desktop,,2026-09-22T16:31:50.545Z
5ec8be2e-4a18-4062-aefd-cde0b7ae1a2c,1f70319b-23f8-49bc-9110-0b5d1b560753,mobile,,2026-09-22T19:28:30.102Z
77d9bf7a-4910-4dd0-be35-976c8599ecc3,f27419e9-55da-41bb-8df8-53ae87a20d58,desktop,,2026-09-23T15:43:47.067Z
7c0e1bf4-9d0a-4e6c-a2da-e5021a1fc10b,408e1134-c2b2-48fc-aafb-2e51340e3a70,desktop,,2026-09-23T12:46:51.325Z
829ec880-5b22-4077-a85e-cc064fe8e354,338f30bb-a957-44a6-9152-e4cede8d3d35,mobile,,2026-09-22T10:57:53.358Z
aa4c620a-79e3-45e3-a665-dd67fe55fdf2,aedda17f-a3db-466b-a489-bbec4759dba3,mobile,,2026-09-22T10:57:19.600Z
d46d9f09-212d-4379-bba2-902eacbadc76,bff83f33-a60f-4089-a2f0-19b0d42a5e19,desktop,,2026-09-22T12:54:09.351Z
d9569da9-5881-4f7c-942e-bcea2947c7f9,c9d0e023-3353-4edb-9b52-1cfb4400ada1,desktop,,2026-09-25T06:19:30.466Z
