id,brand,model,category,created_at,gender,age_group
00f7ba33-84bf-4a46-acfc-4de7da7dc305,Babolat,Court S Wimbledon,accessoires,2026-09-22T18:20:37.902Z,non_determine,adulte
0f1aa015-322b-4f82-996c-f9333a06a2f9,HEAD,Extreme Pro 2024,raquettes,2026-09-22T18:19:52.628Z,non_determine,adulte
2ddad4ac-a4aa-4be0-9df9-44be93905e31,HEAD,Extreme MP 2024,raquettes,2026-09-22T18:19:52.660Z,non_determine,adulte
3643f4ad-90b5-4d39-906f-6ba7450b5662,Babolat,Pure Wimbledon 9 raquettes,accessoires,2026-09-22T18:20:37.927Z,non_determine,adulte
6eef0a5e-ece1-4d82-be43-2488e8cc7850,Prince,Tour Carbon 100 (290g),raquettes,2026-09-22T18:19:53.863Z,non_determine,adulte
7365cdf6-f6ef-49a9-bf0f-0d52d9fccecf,Tecnifibre,Tempo 255,raquettes,2026-09-22T16:07:37.835Z,non_determine,adulte
789fd5c6-4e56-42e8-9dfd-9159c36b42fd,Prince,Tour Carbon 100 (275g),raquettes,2026-09-22T18:19:53.778Z,non_determine,adulte
7aa4e9ba-e2be-423b-8ad0-102becf6de61,Babolat,Pure Drive Lite Gen11,raquettes,2026-09-22T18:19:49.044Z,non_determine,adulte
7b6c852b-b5c6-4409-ba65-590df9888100,HEAD,Extreme Team 2024,raquettes,2026-09-22T18:19:52.731Z,non_determine,adulte
8e2ee1d1-9f97-47e7-ab65-5949f52148a7,Babolat,Pure Aero 98 Gen9,raquettes,2026-09-22T18:19:47.281Z,non_determine,adulte
8f911f3e-d4e4-493f-a24f-041a9aeb0e25,Babolat,Pure Drive Gen11,raquettes,2026-09-22T18:19:48.918Z,non_determine,adulte
9205a0a1-8fc2-4fe2-bf98-c430298a57d4,Babolat,Pure Aero Team Gen9,raquettes,2026-09-22T18:19:47.381Z,non_determine,adulte
ae575544-bd29-4d88-b212-912ea0bb1e59,Tecnifibre,Tempo 270,raquettes,2026-09-22T16:07:37.731Z,non_determine,adulte
cbf5839b-142f-4526-a7c4-2a32eefd25a7,Babolat,Pure Aero Lite Gen9,raquettes,2026-09-22T18:19:47.407Z,non_determine,adulte
cd827e21-3b38-4879-acf2-99779db8e366,Babolat,Surgrip de tennis Pro Tour 2.0 x12,accessoires,2026-09-22T18:20:33.879Z,non_determine,adulte
ea7bdcaa-5fa5-4b76-9932-1c59c6be9cba,Babolat,Pure Aero Gen9,raquettes,2026-09-22T18:19:47.305Z,non_determine,adulte
f0e0a606-e2a6-4097-b876-15ea857b35f6,HEAD,Boom MP 2024,raquettes,2026-09-22T18:19:50.454Z,non_determine,adulte
fc36b0c4-0187-4351-9b58-9eda64901080,Babolat,Surgrip de tennis Pro Tour 2.0 x3,accessoires,2026-09-22T18:20:34.510Z,non_determine,adulte
