id,marque,categorie,origine,marchand_a,titre_complet_a,prix_original_a,prix_remise_a,marchand_b,titre_complet_b,prix_original_b,prix_remise_b,statut_prix,proposition_claude,niveau,piege,algo_actuel,cle_algo_a,cle_algo_b,note,decision_mathieu
1,Wilson,raquettes,R0,Tennis Point FR,Raquette de tennis Wilson Pro Staff 97L V14 Raquette de compétition non cordée,280,158.95,SportSystem,Raquette de tennis Wilson Pro Staff 97L V14,280,119,"vérifié en base le 2026-09-26 (A active, B active)",identique,offre,,non rapproché,wilson|pro staff 97l v14 raquette de compétition|raquettes,wilson|pro staff 97l v14|raquettes,"Mention marketing (""Raquette de compétition"") ajoutée côté Tennis Point FR, aucune différence de modèle. ""97L"" des deux côtés.",
2,HEAD,raquettes,R0,Tennis Point FR,Raquette de tennis HEAD Boom MP L Neon 2025,260,135.95,Tennispro.fr,Raquette de tennis Head Boom Mp L Neon 2025 (270 Gr) Cordee,270,179,"vérifié en base le 2026-09-26 (A active, B active)",identique,variante,,non rapproché,head|boom mp l neon 2025|raquettes,head|boom mp l neon 2025 (270 gr)|raquettes,"Poids entre parenthèses = précision de fiche, pas un attribut discriminant (§5 du cadrage). ""L"" (Lite) présent des deux côtés. Offre B cordée (prix d'origine 270 contre 260), cordage = variante (§5).",
3,Wilson,raquettes,R0,Tennis Point FR,Raquette de tennis Wilson Clash 100 Pro V2.0 Raquette De Compétition,250,139.95,SportSystem,Raquette de tennis Wilson Wilson Clash 100 Pro V3 - Raquette de tennis compétition confortable,250,175,"vérifié en base le 2026-09-26 (A active, B active)",différent,modèle,génération (V2.0 / V3),non rapproché,wilson|clash 100 pro v2.0 raquette de compétition|raquettes,wilson|wilson clash 100 pro v3 - raquette de tennis compétition confortable|raquettes,"PIÈGE (identifié en R0) : version V2.0 vs V3, malgré une similarité textuelle élevée.",
4,Babolat,raquettes,R0,Tennispro.fr,Raquette de tennis Babolat Pure Strike 98 16/19 (305 Gr),269.95,179,Tennis Point FR,Raquette de tennis Babolat Pure Strike 97,299.95,119.95,"vérifié en base le 2026-09-26 (A active, B active)",différent,modèle,tamis (98 / 97),non rapproché,babolat|pure strike 98 16 19 (305 gr)|raquettes,babolat|pure strike 97|raquettes,"PIÈGE (identifié en R0) : tamis 98 vs 97, produit différent au sens du §5.",
5,Babolat,raquettes,R0,Tennispro.fr,Raquette de tennis Babolat Pure Strike 100 16/20 (305 Gr),279.95,169,Tennis Point FR,Raquette de tennis Babolat Pure Strike 100 16x20,279.95,129.95,"vérifié en base le 2026-09-26 (A active, B active)",identique,offre,,non rapproché,babolat|pure strike 100 16 20 (305 gr)|raquettes,babolat|pure strike 100 16x20|raquettes,"Même tamis (100) et même plan de cordage (16x20), seule la notation diffère (""16/20"" vs ""16x20"").",
6,Dunlop,raquettes,R0,Tennis Point FR,Raquette de tennis Dunlop FX 500 Lite,199.99,105.95,Tennispro.fr,Raquette de tennis Dunlop Fx 500 Lite (270 Gr),219.99,123.95,"vérifié en base le 2026-09-26 (A active, B active)",identique,offre,,non rapproché,dunlop|fx 500 lite|raquettes,dunlop|fx 500 lite (270 gr)|raquettes,"Poids entre parenthèses = précision de fiche, casse différente sans effet.",
7,Dunlop,raquettes,R0,Tennis Point FR,Raquette de tennis Dunlop FX 500 Lite,199.99,105.95,SportSystem,Raquette de tennis Dunlop Dunlop FX 500 Lite 2026,219.95,95,"vérifié en base le 2026-09-26 (A active, B active)",proche,modèle,,non rapproché,dunlop|fx 500 lite|raquettes,dunlop|dunlop fx 500 lite 2026|raquettes,"Millésime ""2026"" ajouté côté SportSystem, génération de l'offre A non précisée — à vérifier avant fusion automatique (§5 : génération voisine = proche, pas identique par défaut).",
8,Dunlop,raquettes,R0,Tennis Point FR,Raquette de tennis Dunlop CX Team 100,109.99,69.95,Tennispro.fr,Raquette de tennis Dunlop Cx Team 100 (275 Gr),109.99,69.9,"vérifié en base le 2026-09-26 (A active, B active)",identique,offre,,non rapproché,dunlop|cx team 100|raquettes,dunlop|cx team 100 (275 gr)|raquettes,"Poids entre parenthèses = précision de fiche, casse différente sans effet.",
9,HEAD,raquettes,R0,Tennis Point FR,Raquette de tennis HEAD Graphene 360+ Radical Pro (2021) Raquette de compétition non cordée,270,109.95,Tennispro.fr,Raquette de tennis Head Radical Pro (315 Gr),300,179,"vérifié en base le 2026-09-26 (A active, B active)",proche,modèle,,non rapproché,head|graphene 360+ radical pro (2021) raquette de compétition|raquettes,head|radical pro (315 gr)|raquettes,"Génération explicitement datée (2021, techno ""Graphene 360+"") côté Tennis Point FR sans équivalent côté Tennispro, et écart de prix d'origine (270 vs 300) — à vérifier avant de considérer comme identique.",
10,HEAD,raquettes,R0,Tennis Point FR,Raquette de tennis HEAD Radical Team,250,139.95,Tennispro.fr,Raquette de tennis Head Radical Team L (260 Gr),230,144,"vérifié en base le 2026-09-26 (A active, B active)",différent,modèle,version Lite / poids,non rapproché,head|radical team|raquettes,head|radical team l (260 gr)|raquettes,"PIÈGE : chez Head, ""L"" = Lite, modèle plus léger (260 g contre environ 280 g pour la Radical Team), donc un modèle distinct (§5 : version Lite = produit différent). Corrigé le 2026-09-26 (était ""proche"").",
11,HEAD,raquettes,R0,Tennis Point FR,Raquette de tennis HEAD Novak 19,30,23.95,Tennispro.fr,Raquette de tennis Head Junior Novak 25,35,24.39,"vérifié en base le 2026-09-26 (A active, B active)",différent,modèle,"taille junior (19"" / 25"")",non rapproché,head|novak 19|raquettes,head|junior novak 25|raquettes,"PIÈGE (identifié en R0) : tailles de raquette junior différentes (19"" vs 25"").",
12,Tecnifibre,raquettes,R0,Tecnifibre,Raquette de tennis Tecnifibre Tf-x1 V2 270,209.99,157.49,SportSystem,Raquette de tennis Tecnifibre TF X1 270 V2,209.99,136.49,"vérifié en base le 2026-09-26 (A active, B active)",identique,offre,,non rapproché,tecnifibre|tf-x1 v2 270|raquettes,tecnifibre|tf x1 270 v2|raquettes,"Ordre des mots inversé (""V2 270"" vs ""270 V2""), même modèle, même prix d'origine.",
13,Adidas,textile,R0,SportSystem,Débardeur de tennis Adidas Débardeur tennis femme Club Femme,38,24.7,Tennispro.fr,Débardeur de tennis Adidas Femme Club,35,23.97,"vérifié en base le 2026-09-26 (A active, B active)",identique,offre,,non rapproché,adidas|débardeur de tennis débardeur tennis femme club femme|textile,adidas|débardeur de tennis femme club|textile,"Doublon du mot-catégorie côté SportSystem, ordre différent. Prix retrouvés le 2026-09-26 : le titre B du CSV précédent était reconstruit depuis le modèle (sans ""Adidas"") et ne correspondait à aucune offre ; titre réel repris. Attention : Tennispro vend aussi un ""Débardeur Femme Club V"", modèle distinct.",
14,Tecnifibre,accessoires,R0,Tennispro.fr,Antivibrateur de tennis Tecnifibre S Logo Damp Tricolore,6.5,4,Tecnifibre,Antivibrateur de tennis Tecnifibre Logo Damp Tricolore,6.5,4.22,"vérifié en base le 2026-09-26 (A active, B active)",proche,modèle,,non rapproché,tecnifibre|antivibrateur de tennis s logo damp tricolore|accessoires,tecnifibre|antivibrateur de tennis logo damp tricolore|accessoires,"Préfixe ""S"" de sens incertain côté Tennispro (taille ? conditionnement ?) — le §5 traite le conditionnement comme discriminant pour les accessoires, à vérifier avant fusion automatique malgré le prix d'origine identique.",
15,Adidas,chaussures,R0,SportSystem,Chaussures de tennis Adidas Adidas Adizero Ubersonic 5 femme blanc et argent toutes surfaces Femme,150,99,Tennispro.fr,Chaussures de tennis Adidas Femme Adizero Ubersonic 5 Toutes Surfaces,150,95,"vérifié en base le 2026-09-26 (A active, B active)",identique,offre,,non rapproché,adidas|adidas adizero ubersonic 5 femme toutes surfaces femme|chaussures,adidas|femme adizero ubersonic 5 toutes surfaces|chaussures,"Ordre des mots différent, même genre (femme), même surface. Prix retrouvés le 2026-09-26 : le titre A du CSV précédent était reconstruit depuis le modèle (sans le coloris ""blanc et argent"") ; titre réel repris. Coloris non précisé côté B (7 offres Tennispro de même titre).",
16,Adidas,chaussures,R0,SportSystem,Chaussures de tennis Adidas Adidas Adizero Ubersonic 5 femme blanc et argent toutes surfaces Femme,150,99,Tennis Point FR,"Chaussures de tennis adidas adizero Ubersonic 5 Chaussures toutes surfaces Hommes - menthe, noir",150,88.95,"vérifié en base le 2026-09-26 (A active, B active)",différent,modèle,genre (femme / homme),non rapproché,adidas|adidas adizero ubersonic 5 femme toutes surfaces femme|chaussures,"adidas|adizero ubersonic 5 chaussures toutes surfaces hommes - menthe,|chaussures",PIÈGE (identifié en R0) : genre différent (femme vs hommes) malgré la similarité textuelle. Titre A réel repris (cf. paire 15).,
17,Adidas,textile,R0,Sport 2000,Vêtement de tennis ADIDAS Short Homme Club Homme,40,28,SportSystem,Short de tennis Adidas Short tennis SW Club Homme,45,27,"vérifié en base le 2026-09-26 (A active, B active)",proche,modèle,,non rapproché,adidas|vêtement de tennis short homme club homme|textile,adidas|short de tennis short tennis sw club homme|textile,"Code ""SW"" de signification incertaine (sous-ligne Adidas ?) — à vérifier avant de fusionner malgré ""Club Homme"" commun aux deux titres.",
18,Adidas,textile,R0,SportSystem,Short de tennis Adidas Short tennis junior Club Enfant,28,22.4,Tennispro.fr,Short de tennis Adidas Junior Club,35,21.97,"vérifié en base le 2026-09-26 (A active, B active)",identique,offre,,non rapproché,adidas|short de tennis short tennis junior club enfant|textile,adidas|short de tennis junior club|textile,"Doublon du mot-catégorie côté SportSystem, ordre différent — même article junior.",
19,Adidas,textile,R0,SportSystem,Jupe de tennis Adidas Jupe de tennis femme Adidas Club Femme,45,29.25,Tennispro.fr,Jupe de tennis Adidas Femme Club,40,27.97,"vérifié en base le 2026-09-26 (A active, B active)",identique,offre,,non rapproché,adidas|jupe de tennis jupe de tennis femme adidas club femme|textile,adidas|jupe de tennis femme club|textile,"Doublon catégorie + marque côté SportSystem, ordre différent.",
20,Adidas,chaussures,R0,Sport 2000,Chaussures de tennis ADIDAS Junior Barricade K Enfant,70,49,Tennispro.fr,Chaussures de tennis Adidas Junior Barricade Toutes Surfaces,80,52.97,"vérifié en base le 2026-09-26 (A active, B active)",proche,modèle,,non rapproché,adidas|junior barricade k enfant|chaussures,adidas|junior barricade toutes surfaces|chaussures,"""K"" = Kids chez Adidas, redondant avec Junior/Enfant : ce n'est pas lui qui crée le doute. Le doute porte sur la génération : écart de prix d'origine (70 vs 80), qui peut signaler deux générations différentes de la Barricade junior — à vérifier avant fusion automatique.",
21,Adidas,chaussures,R0,Sport 2000,Chaussures de tennis ADIDAS Homme Barricade 13 M CL Homme,150,105,SportSystem,Chaussures de tennis Adidas Barricade Clay noir Homme,150,74.95,"vérifié en base le 2026-09-26 (A active, B active)",proche,modèle,,non rapproché,adidas|homme barricade 13 m cl homme|chaussures,adidas|barricade clay homme|chaussures,"Numéro de génération (""13"") absent côté SportSystem — à confirmer avant de considérer comme la même génération plutôt qu'une génération voisine.",
22,Tecnifibre,accessoires,R0,SportSystem,Sac à dos de tennis Tecnifibre Sac à dos Tecnifibre Backpack Tour Endurance beige,69.99,55.99,Tecnifibre,Sac de tennis Tecnifibre Sac A Dos Tour Endurance Backpack White-blue,59.99,38.99,"vérifié en base le 2026-09-26 (A active, B active)",identique,variante,,non rapproché,tecnifibre|sac à dos de tennis sac à dos tecnifibre backpack tour endurance|accessoires,tecnifibre|sac a dos tour endurance backpack -|accessoires,"Ordre des mots inversé, doublon catégorie côté SportSystem ; couleurs différentes (beige vs blanc-bleu) = variante (coloris), même modèle.",
23,Tecnifibre,accessoires,R0,Tecnifibre,Sac de tennis Tecnifibre Sac A Dos Tour Endurance Backpack White-blue,59.99,38.99,SportSystem,Sac à dos de tennis Tecnifibre Sac à dos Backpack Navy Tour Endurance,75,49,"vérifié en base le 2026-09-26 (A active, B active)",identique,variante,,non rapproché,tecnifibre|sac a dos tour endurance backpack -|accessoires,tecnifibre|sac à dos de tennis sac à dos backpack navy tour endurance|accessoires,"Couleur insérée au milieu du titre côté SportSystem (""Navy"", absent de la liste de couleurs de lib/product-matching.ts) — variante de coloris, même modèle. Écart de prix d'origine (59,99 vs 75) à noter, probablement lié au coloris ou à une erreur de fiche marchand.",
24,Adidas,chaussures,R0,Tennispro.fr,Chaussures de tennis Adidas Femme Adizero Ubersonic 5 Terre Battue,150,97,Tennis Point FR,"Chaussures de tennis adidas adizero Ubersonic 5 Chaussure terre battue Hommes - jaune lemon, noir",150,97.95,"vérifié en base le 2026-09-26 (A active, B active)",différent,modèle,genre (femme / homme),non rapproché,adidas|femme adizero ubersonic 5 terre battue|chaussures,"adidas|adizero ubersonic 5 chaussure terre battue hommes - lemon,|chaussures","PIÈGE : genre différent (Femme vs Hommes), confirmé sur les titres réels actuels — l'exemple R0 d'origine ne mentionnait pas le genre côté Tennispro et masquait ce piège.",
25,HEAD,cordages,algo,Amazon,Head RIP Control,16,11.49,Tennispro.fr,Cordage de tennis Head Rip Control,15,9.9,"vérifié en base le 2026-09-26 (A active, B active)",proche,modèle,jauge non déterminable,rapproché,head|rip control|cordages,head|rip control|cordages,"Témoin rapproché par l'algo actuel (seul produit actif chez 2 marchands en base). Garnitures des deux côtés (16 et 15 € d'origine). Jauge absente des deux titres ; fiches Tennispro vérifiées le 2026-09-26 : une fiche par coloris (réf. Head 281099-WH, 281099-NT), la jauge (1,25 / 1,30 mm) étant un choix à l'intérieur de la fiche. §5 : jauge = produit différent, et le §5 ne prévoit pas de ""proche"" pour les cordages. ""proche"" est proposé faute de pouvoir établir la jauge côté Amazon : à trancher (identique si même jauge garantie).",
26,Babolat,accessoires,algo,Babolat,Grip de tennis Babolat Syntec Team,7.95,7.95,Tennispro.fr,Grip de tennis Babolat Syntec Team,7.95,5.5,"vérifié en base le 2026-09-26 (A expired, B active)",identique,offre,,rapproché,babolat|grip de tennis syntec team|accessoires,babolat|grip de tennis syntec team|accessoires,"Témoin rapproché par l'algo actuel (même product_id en base). Titres identiques. Offre A expirée (Babolat sans remise, cf. D-2026-09-25-09) : prix = prix catalogue.",
27,Babolat,accessoires,algo,Babolat,Sac de tennis Babolat Court L,89.95,89.95,Tennispro.fr,Sac de tennis Babolat Court L,89.95,62.95,"vérifié en base le 2026-09-26 (A expired, B active)",identique,offre,,rapproché,babolat|court l|accessoires,babolat|court l|accessoires,"Témoin rapproché par l'algo actuel. Ici ""L"" = taille de sac (Large), pas Lite : même suffixe que la paire 10 avec un sens différent selon la catégorie. Offre A expirée (prix catalogue). Tennispro vend aussi un ""Evo Court L"", modèle distinct.",
28,Head,raquettes,algo,Tennispro.fr,Raquette de tennis Head Speed Mp (300 Gr),280,129.9,Tennispro.fr,Raquette de tennis Head Speed Mp (300 Gr),280,189,"vérifié en base le 2026-09-26 (A active, B active)",proche,modèle,génération (2022 / 2026),rapproché,head|speed mp (300 gr)|raquettes,head|speed mp (300 gr)|raquettes,"Même marchand, titres strictement identiques, fusionnées par l'algo actuel. Fiches produit vérifiées le 2026-09-26 : A = référence Head 233612 (Speed MP 2022, Auxetic 1), B = ""Speed MP 2026"" (Auxetic 2.0). Génération voisine = proche (§5), pas identique : faux positif de l'algo au sens ""même modèle"".",
29,Babolat,raquettes,algo,Tennispro.fr,Raquette de tennis Babolat Pure Drive 98 (305 Gr),279.95,139,Tennispro.fr,Raquette de tennis Babolat Pure Drive 98 (305 Gr),299.95,199.95,"vérifié en base le 2026-09-26 (A active, B active)",proche,modèle,génération (probable),rapproché,babolat|pure drive 98 (305 gr)|raquettes,babolat|pure drive 98 (305 gr)|raquettes,"Même marchand, titres strictement identiques, fusionnées par l'algo actuel. Fiches vérifiées le 2026-09-26 : références fabricant différentes (A = 101474, B = 101551), donc deux articles Babolat distincts ; la génération n'est pas écrite sur les fiches. Prix d'origine 279,95 vs 299,95 (299,95 = prix de la Pure Drive 98 Gén 11 2025 chez SportSystem) : très probablement deux générations. Proche par défaut (§5), à confirmer.",
30,Head,raquettes,algo,Tennispro.fr,Raquette de tennis Head Speed Mp (300 Gr),280,189,Tennispro.fr,Raquette de tennis Head Speed Mp (300 Gr) Cordee,290,199,"vérifié en base le 2026-09-26 (A active, B active)",identique,variante,cordée / non cordée,rapproché,head|speed mp (300 gr)|raquettes,head|speed mp (300 gr)|raquettes,"Même marchand, fusionnées par l'algo actuel (""Cordee"" retiré par extractModel). Cordée = variante (§5), prix d'origine +10. Génération de B non vérifiée sur la fiche (identifiant Magento 838575, voisin de 839023 = Speed MP 2026 de A).",
31,ASICS,chaussures,algo,Sport 2000,Chaussures de tennis ASICS Homme GEL-DEDICATE 8 Blanc Homme,75,52.5,Sport 2000,Chaussures de tennis ASICS Homme GEL-DEDICATE 8 Bleu Homme,75,52.5,"vérifié en base le 2026-09-26 (A active, B active)",identique,variante,,rapproché,asics|homme gel-dedicate 8 homme|chaussures,asics|homme gel-dedicate 8 homme|chaussures,"Même marchand, fusionnées par l'algo actuel (couleurs retirées par extractModel). Coloris = variante (§5).",
32,Luxilon,cordages,algo,Tennispro.fr,Bobine de cordage de tennis Luxilon Big Banger Alu Power (200 Metres),320,219,Tennispro.fr,Bobine de cordage de tennis Luxilon Big Banger Alu Power Black (200 Metres),340,213.97,"vérifié en base le 2026-09-26 (A active, B active)",identique,variante,,rapproché,luxilon|bobine de cordage de tennis big banger alu power (200 metres)|cordages,luxilon|bobine de cordage de tennis big banger alu power (200 metres)|cordages,"Même marchand, fusionnées par l'algo actuel. Coloris = variante pour les cordages (§5). Jauge absente des deux titres : si les deux offres sont de jauges différentes, ce serait un faux positif (§5 : jauge = produit différent) — non vérifié sur la fiche.",
33,Lotto,chaussures,piege,SportSystem,Chaussures de tennis Lotto Lotto Mirage 100 2 Clay gris et bleu - Chaussure de tennis terre battue Homme,160,80,Tennis Point FR,"Chaussures de tennis Lotto Mirage 100 Chaussure terre battue Hommes - blanc, bleu",159.99,103.95,"vérifié en base le 2026-09-26 (A active, B active)",proche,modèle,génération (Mirage 100 / 100 II),non rapproché,lotto|lotto mirage 100 2 clay - chaussure de tennis terre battue homme|chaussures,"lotto|mirage 100 chaussure terre battue hommes - ,|chaussures","PIÈGE : ""Mirage 100 2"" (= Mirage 100 II, nom utilisé par Tennis Point FR pour la version femme) contre ""Mirage 100"" première génération. Même genre, même surface. Génération voisine = proche (§2/§5).",
34,Babolat,raquettes,piege,Tennispro.fr,Raquette de tennis Babolat Pure Drive (300 Gr),269.95,184,SportSystem,Raquette de tennis Babolat Babolat Pure Drive 107 Gén 11 2025 - Raquette de tennis puissante avec grand tamis,249.95,199.96,"vérifié en base le 2026-09-26 (A active, B active)",différent,modèle,tamis (100 / 107),non rapproché,babolat|pure drive (300 gr)|raquettes,babolat|babolat pure drive 107 gén 11 2025 - raquette de tennis puissante avec grand tamis|raquettes,"PIÈGE : ""Pure Drive"" sans précision = tamis 100 ; la Pure Drive 107 a un tamis plus grand. Tamis = produit différent (§5).",
35,Babolat,raquettes,piege,SportSystem,Raquette de tennis Babolat Babolat Pure Aero S Lite Gén 9 2026,229.95,182,Tennispro.fr,Raquette de tennis Babolat Pure Aero Lite (270 Gr) (cordee),249.95,167.95,"vérifié en base le 2026-09-26 (A active, B active)",différent,modèle,version Lite / S Lite (poids),non rapproché,babolat|babolat pure aero s lite gén 9 2026|raquettes,babolat|pure aero lite (270 gr) ()|raquettes,"PIÈGE : ""S Lite"" (encore plus légère) et ""Lite"" (270 g) sont deux versions distinctes ; un seul caractère d'écart dans le titre. Version = produit différent (§5).",
36,Babolat,raquettes,piege,Tennispro.fr,Raquette de tennis Babolat Pure Drive Lite (270 Gr),229.95,154,Babolat,Raquette de tennis Babolat Pure Drive Lite Gen11 cordée,239.95,239.95,"vérifié en base le 2026-09-26 (A active, B expired)",identique,variante,cordée / non cordée,non rapproché,babolat|pure drive lite (270 gr)|raquettes,babolat|pure drive lite gen11|raquettes,"PIÈGE inverse (à rapprocher) : même modèle, A non cordée (229,95), B cordée (239,95 = prix de la version cordée chez Babolat). Cordée = variante (§5). Génération non précisée côté A, prix d'origine identique à la Gen11 non cordée chez Babolat. Offre B expirée (prix catalogue).",
37,Dunlop,accessoires,piege,Tennispro.fr,Balles de tennis Dunlop Tube De 3 Balles Atp Tour,10.49,6.9,Tennispro.fr,Balles de tennis Dunlop Carton De 24 Tubes De 3 Balles Atp Tour,251.76,156,"vérifié en base le 2026-09-26 (A active, B active)",différent,modèle,conditionnement (balles),non rapproché,dunlop|tube de 3 balles atp tour|accessoires,dunlop|carton de 24 tubes de 3 balles atp tour|accessoires,"PIÈGE : même balle, conditionnement différent (tube de 3 vs carton de 72). §5 : conditionnement = produit différent, comparaison à la balle (R5) — 3,50 € la balle dans les deux cas au prix d'origine. Même marchand (seul marchand avec des balles en base).",
38,Head,cordages,piege,SportSystem,Cordage de tennis Head Rip Control (200m),149.95,98.95,Tennispro.fr,Cordage de tennis Head Rip Control,15,9.9,"vérifié en base le 2026-09-26 (A active, B active)",différent,modèle,conditionnement (bobine / garniture),non rapproché,head|rip control (200m)|cordages,head|rip control|cordages,"PIÈGE : bobine de 200 m (149,95) contre garniture (15). §5 : garniture ou bobine = produit différent, comparaison au mètre.",
