score;famille;marchand_a;titre_a;prix_a;marchand_b;titre_b;prix_b;mots_communs;mots_en_plus_a;mots_en_plus_b;raison;proposition_claude;motif;decision_mathieu
0.90;"head|tshirt|textile";"Head";"CLUB 25 TECH T-shirt femme";40;"SportSystem";"T-shirt de tennis Head Tee-shirt de tennis femme Head Club Tech blanc Femme";40;"club tech";"";"";"millesime: 2025 | ?";"proche";"Génération différente : SportSystem 814431 (Club 22 Tech) ≠ Head 814725 (Club 25 Tech), références Head";
0.90;"adidas|debardeur|textile";"Tennispro.fr";"Débardeur de tennis Adidas Femme Match Pro Londres";50;"Tennis Point FR";"Vêtement de tennis adidas Match Pro Débardeur tank top Femmes - blanc";50;"match pro";"";"";"edition: londres | ?";"proche?";"Édition d'un seul côté (règle) ; probable même article (blanc = Londres, même prix)";
0.90;"adidas|debardeur|textile";"Tennispro.fr";"Débardeur de tennis Adidas Femme Pro Paris";65;"Tennis Point FR";"Vêtement de tennis adidas Pro Débardeur tank top Femmes-orange";60;"pro";"";"";"edition: paris | ?";"proche";"Édition d'un seul côté (Paris)";
0.90;"nike|pantalon|textile";"SportSystem";"Pantalon de tennis Nike Pantalon Nike Court Heritage bordeaux Homme";65;"Tennis Point FR";"Vêtement de tennis Nike Carlos Alcaraz Court Heritage Pantalon survêtement Hommes-jaune lemon";64.99;"heritage";"";"";"edition: ? | alcaraz";"proche";"Édition joueur (Alcaraz) d'un seul côté ; SportSystem DC0621 = ancienne Heritage";
0.90;"nike|pantalon|textile";"SportSystem";"Pantalon de tennis Nike Pantalon Nike Court Heritage bordeaux Homme";65;"Tennis Point FR";"Vêtement de tennis Nike Jannik Sinner Court Heritage Pantalon survêtement Hommes - bleu clair";64.99;"heritage";"";"";"edition: ? | sinner";"proche";"Édition joueur (Sinner) d'un seul côté ; SportSystem DC0621 = ancienne Heritage";
0.90;"head|polo|textile";"SportSystem";"Polo de tennis Head Polo de tennis femme Head Club Tech marine Femme";50;"Head";"CLUB 25 TECH Polo femme";50;"club tech";"";"";"millesime: ? | 2025";"proche";"Génération différente : 814421 (Club 22 Tech) ≠ 814715 (Club 25 Tech)";
0.90;"adidas|short|textile";"Tennispro.fr";"Short de tennis Adidas Femme Match Euro Clay";55;"Tennis Point FR";"Vêtement de tennis adidas Match Shorts Femmes - orange";55;"match";"";"";"edition: euro clay | ?";"proche";"Édition d'un seul côté (Euro Clay)";
0.90;"lotto|short|textile";"SportSystem";"Short de tennis Lotto Short de tennis Lotto Tech 1 coloris noir Homme";40;"Tennis Point FR";"Vêtement de tennis Lotto Tech 1 7in Shorts Hommes-Noir";39.99;"tech";"";"";"longueur: ? | 7";"identique";"Même nom, coloris, prix ; longueur écrite d'un seul côté";
0.90;"nike|short|textile";"SportSystem";"Short de tennis Nike Short tennis Dri-Fit NikeCourt 9 Victory Homme";43;"Tennis Point FR";"Vêtement de tennis Nike Court Victory Dri-Fit 7in Shorts Hommes - orange, orange";44.99;"victory";"";"";"longueur: 9 | 7";"proche";"Longueur 9 / 7 (T-Q2) et génération (CV2545 = Flex)";
0.90;"nike|short|textile";"SportSystem";"Short de tennis Nike Short tennis NikeCourt 9 Victory bleu ou ocre Homme";50;"Tennis Point FR";"Vêtement de tennis Nike Court Victory Dri-Fit 7in Shorts Hommes - orange, orange";44.99;"victory";"";"";"longueur: 9 | 7";"proche";"Longueur 9 / 7 (T-Q2)";
0.90;"nike|short|textile";"SportSystem";"Short de tennis Nike Short tennis NikeCourt Advantage 23 Homme";60;"Tennis Point FR";"Vêtement de tennis Nike Jannik Sinner Court Dri-FIT Advantage 6in Shorts Hommes - gris foncé";59.99;"advantage";"";"";"millesime: 2023 | ? ; longueur: ? | 6 ; edition: ? | sinner";"proche";"Édition joueur (Sinner) ; DD8331 = génération 2023";
0.90;"tecnifibre|tshirt|textile";"SportSystem";"T-shirt de tennis Tecnifibre Tee-shirt homme Tecnifibre Tech Graphic beige Homme";35;"Tecnifibre";"T-shirt de tennis Tecnifibre Graphic Tee White 2024 Homme";35;"graphic";"";"";"millesime: ? | 2024";"identique";"Référence Tecnifibre commune 22GRAT (SA / WH = coloris)";
0.90;"adidas|short|textile";"Sport 2000";"Vêtement de tennis ADIDAS Short Homme Club Homme";40;"SportSystem";"Short de tennis Adidas Short tennis Adidas Aeroready Club 23 Homme";40;"club";"";"";"millesime: ? | 2023";"proche";"Millésime « 23 » d'un seul côté (D-2026-09-29-07 : proche puis indéterminé)";
0.90;"adidas|tshirt|textile";"Sport 2000";"Vêtement de tennis ADIDAS Tee-Shirt Tennis Homme Club Climacool Homme";35;"Tennis Point FR";"Vêtement de tennis adidas Club 3Stripes T-shirt Hommes - rouge, blanc";40;"club";"";"";"sous_gamme: climacool | 3stripes";"différent";"Deux sous-gammes différentes, Climacool / 3-Stripes (D-2026-09-30-01)";
0.90;"head|debardeur|textile";"Tennis Point FR";"Vêtement de tennis HEAD Club 22 Débardeur tank top Filles - blanc, bleu foncé";35;"Head";"CLUB 25 Tank Top Girls";35;"club";"";"";"millesime: 2022 | 2025";"proche";"Génération 22 / 25";
0.90;"head|tshirt|textile";"Tennis Point FR";"Vêtement de tennis HEAD Tie-Break II T-shirt Femmes - abricot, blanc";60;"Head";"BREAK II TIE- T-shirt de tennis femme";60;"tie break";"";"";"";"identique";"Tie Break II des deux côtés, seul l'ordre des mots diffère (GAP-2026-09-30-01)";
0.90;"lotto|short|textile";"Tennis Point FR";"Vêtement de tennis Lotto Tech IV 7in Shorts Hommes-Gris Clair";49.99;"SportSystem";"Short de tennis Lotto Short de tennis homme Lotto Tech 4 gris foncé Homme";50;"tech";"";"";"longueur: 7 | ?";"identique";"Tech IV = Tech 4 (chiffre romain / arabe)";
0.90;"nike|short|textile";"Sport 2000";"Vêtement de tennis NIKE Short Homme M NKCT DF ADVTG 6IN SHORT Bleu Homme";59.99;"Tennis Point FR";"Vêtement de tennis Nike Jannik Sinner Court Dri-FIT Advantage 6in Shorts Hommes - gris foncé";59.99;"advantage";"";"";"edition: ? | sinner";"proche";"Édition joueur (Sinner) d'un seul côté";
0.90;"nike|tshirt|textile";"Sport 2000";"Vêtement de tennis NIKE T-shirt Homme M NKCT DF ADVTG TOP Blanc Homme";59.99;"Tennis Point FR";"Vêtement de tennis Nike Carlos Alcaraz Court Dri-FIT Advantage T-shirt Hommes - bleu cobalt";59.99;"advantage";"";"";"edition: ? | alcaraz";"proche";"Édition joueur (Alcaraz) d'un seul côté";
0.90;"nike|tshirt|textile";"Sport 2000";"Vêtement de tennis NIKE T-shirt Homme M NKCT DF ADVTG TOP Bleu Homme";59.99;"Tennis Point FR";"Vêtement de tennis Nike Carlos Alcaraz Court Dri-FIT Advantage T-shirt Hommes - bleu cobalt";59.99;"advantage";"";"";"edition: ? | alcaraz";"proche";"Édition joueur (Alcaraz) d'un seul côté";
0.90;"nike|short|textile";"Tennis Point FR";"Vêtement de tennis Nike Court Dri-Fit Advantage 6in Shorts Hommes-vert";64.99;"SportSystem";"Short de tennis Nike Short tennis NikeCourt Advantage 23 Homme";60;"advantage";"";"";"millesime: ? | 2023 ; longueur: 6 | ?";"proche";"Génération : DD8331 (2023) face à la Dri-FIT 6in actuelle";
0.90;"nike|short|textile";"Tennis Point FR";"Vêtement de tennis Nike Court Victory Dri-Fit 7in Shorts Hommes - orange, orange";44.99;"SportSystem";"Short de tennis Nike Short tennis NikeCourt 9 Victory Homme";45;"victory";"";"";"longueur: 7 | 9";"proche";"Longueur 7 / 9 (T-Q2)";
0.90;"adidas|tshirt|textile";"Tennis Point FR";"Vêtement de tennis adidas Club T-shirt Enfants - noir";25;"SportSystem";"T-shirt de tennis Adidas Tee-shirt de tennis junior Adidas Club Climacool bordeaux Enfant";25;"club";"";"";"sous_gamme: ? | climacool";"identique";"Sous-gamme Climacool d'un seul côté, prix égaux (D-2026-09-30-01) ; pourquoi pas réunie à l'étape 2 ter : à vérifier";
0.90;"adidas|polo|textile";"Tennis Point FR";"Vêtement de tennis adidas Freelift Pro Polo Hommes - bleu";70;"SportSystem";"Polo de tennis Adidas Polo homme Adidas Pro Freelift rouge fluo Open d'Australie Homme";70;"freelift pro";"";"";"edition: ? | melbourne";"proche";"Édition d'un seul côté (Open d'Australie) ; GTIN sans rapport";
0.90;"adidas|polo|textile";"Tennis Point FR";"Vêtement de tennis adidas Freelift Pro Polo Hommes - bleu";70;"SportSystem";"Polo de tennis Adidas Polo tennis Adidas Freelift Pro RG Homme";75;"freelift pro";"";"";"edition: ? | rg";"proche";"Édition d'un seul côté (RG)";
0.90;"adidas|tshirt|textile";"Tennis Point FR";"Vêtement de tennis adidas Freelift Pro T-shirt Hommes - noir";65;"SportSystem";"T-shirt de tennis Adidas Tee-shirt de tennis Adidas Freelift Pro Open d'Australie 2026 noir Homme";65;"freelift pro";"";"";"millesime: ? | 2026 ; edition: ? | melbourne";"identique";"GTIN commun (fiche Tennis Point FR / SportSystem KG6053) : Tennis Point FR omet « Open d'Australie 2026 »";
0.90;"adidas|short|textile";"Tennis Point FR";"Vêtement de tennis adidas Match 3in Shorts Femmes-Jaune";55;"Tennispro.fr";"Short de tennis Adidas Femme Match Euro Clay";55;"match";"";"";"longueur: 3 | ? ; edition: ? | euro clay";"proche";"Longueur et édition d'un seul côté";
0.90;"adidas|jupe|textile";"Tennis Point FR";"Vêtement de tennis adidas Pro Jupe Femmes-noir";65;"Tennispro.fr";"Jupe de tennis Adidas Femme Pro Londres";65;"pro";"";"";"edition: ? | londres";"proche";"Édition d'un seul côté (Londres)";
0.90;"adidas|jupe|textile";"Tennis Point FR";"Vêtement de tennis adidas Pro Jupe Femmes-noir";65;"Tennispro.fr";"Jupe de tennis Adidas Femme Pro Melbourne";65;"pro";"";"";"edition: ? | melbourne";"proche";"Édition d'un seul côté (Melbourne)";
0.90;"adidas|jupe|textile";"Tennis Point FR";"Vêtement de tennis adidas Pro Jupe Femmes-noir";65;"Tennispro.fr";"Jupe de tennis Adidas Femme Pro Miami";65;"pro";"";"";"edition: ? | miami";"proche";"Édition d'un seul côté (Miami)";
0.90;"adidas|polo|textile";"Tennis Point FR";"Vêtement de tennis adidas Pro Polo -blanc";75;"Tennispro.fr";"Polo de tennis Adidas Pro Paris";70;"pro";"";"";"edition: ? | paris";"proche";"Édition d'un seul côté (Paris)";
0.90;"adidas|short|textile";"Tennis Point FR";"Vêtement de tennis adidas Pro Shorts Femmes - blanc";55;"Tennispro.fr";"Short de tennis Adidas Femme Pro Londres";55;"pro";"";"";"edition: ? | londres";"proche?";"Édition d'un seul côté (règle) ; probable même article (blanc = Londres, même prix)";
0.90;"adidas|jupe|textile";"Tennis Point FR";"Vêtement de tennis adidas RG Pro Jupe Femmes - bleu foncé";65;"Tennispro.fr";"Jupe de tennis Adidas Femme Pro Londres";65;"pro";"";"";"edition: rg | londres";"différent";"Éditions différentes RG / Londres";
0.90;"adidas|jupe|textile";"Tennis Point FR";"Vêtement de tennis adidas RG Pro Jupe Femmes - bleu foncé";65;"Tennispro.fr";"Jupe de tennis Adidas Femme Pro Melbourne";65;"pro";"";"";"edition: rg | melbourne";"différent";"Éditions différentes RG / Melbourne";
0.90;"adidas|jupe|textile";"Tennis Point FR";"Vêtement de tennis adidas RG Pro Jupe Femmes - bleu foncé";65;"Tennispro.fr";"Jupe de tennis Adidas Femme Pro Miami";65;"pro";"";"";"edition: rg | miami";"différent";"Éditions différentes RG / Miami";
0.80;"adidas|polo|textile";"Tennispro.fr";"Polo de tennis Adidas Freelift Pro Auger-aliassime Melbourne";70;"SportSystem";"Polo de tennis Adidas Polo homme Adidas Pro Freelift rouge fluo Open d'Australie Homme";70;"freelift pro";"";"";"genre: ? | homme ; edition: aliassime+melbourne | melbourne";"proche?";"Même édition Melbourne, même prix ; édition joueur (Auger-Aliassime) d'un seul côté";
0.80;"adidas|polo|textile";"Tennispro.fr";"Polo de tennis Adidas Freelift Pro Auger-aliassime Melbourne";70;"SportSystem";"Polo de tennis Adidas Polo tennis Adidas Freelift Pro RG Homme";75;"freelift pro";"";"";"genre: ? | homme ; edition: aliassime+melbourne | rg";"différent";"Éditions différentes Melbourne / RG";
0.80;"adidas|polo|textile";"Tennispro.fr";"Polo de tennis Adidas Freelift Pro Auger-aliassime Melbourne";70;"Tennis Point FR";"Vêtement de tennis adidas Freelift Pro Polo Hommes - bleu";70;"freelift pro";"";"";"genre: ? | homme ; edition: aliassime+melbourne | ?";"proche";"Édition d'un seul côté";
0.80;"adidas|polo|textile";"Tennispro.fr";"Polo de tennis Adidas Freelift Pro Londres";65;"SportSystem";"Polo de tennis Adidas Polo homme Adidas Pro Freelift rouge fluo Open d'Australie Homme";70;"freelift pro";"";"";"genre: ? | homme ; edition: londres | melbourne";"différent";"Éditions différentes Londres / Melbourne";
0.80;"adidas|polo|textile";"Tennispro.fr";"Polo de tennis Adidas Freelift Pro Londres";65;"SportSystem";"Polo de tennis Adidas Polo tennis Adidas Freelift Pro RG Homme";75;"freelift pro";"";"";"genre: ? | homme ; edition: londres | rg";"différent";"Éditions différentes Londres / RG";
0.80;"adidas|polo|textile";"Tennispro.fr";"Polo de tennis Adidas Pro Freelift Tsitsipas New York";80;"SportSystem";"Polo de tennis Adidas Polo homme Adidas Pro Freelift rouge fluo Open d'Australie Homme";70;"pro freelift";"";"";"genre: ? | homme ; edition: new york+tsitsipas | melbourne";"différent";"Éditions différentes New York / Melbourne";
0.80;"adidas|polo|textile";"Tennispro.fr";"Polo de tennis Adidas Pro Freelift Tsitsipas New York";80;"SportSystem";"Polo de tennis Adidas Polo tennis Adidas Freelift Pro RG Homme";75;"pro freelift";"";"";"genre: ? | homme ; edition: new york+tsitsipas | rg";"différent";"Éditions différentes New York / RG";
0.80;"adidas|robe|textile";"Tennispro.fr";"Robe de tennis Adidas Junior Club";50;"Tennis Point FR";"Vêtement de tennis adidas Club Robe Filles-Pink";50;"club";"";"";"genre: ? | femme";"identique";"Robe junior Club = Club Robe Filles, même prix ; genre écrit d'un seul côté";
0.80;"adidas|short|textile";"SportSystem";"Short de tennis Adidas Short Ergo Aeroready 7 Été Homme";50;"Tennis Point FR";"Vêtement de tennis adidas Ergo 9Inch Shorts Hommes - blanc";65;"ergo";"";"";"longueur: 7 | 9 ; prix d'origine 23 % d'écart";"proche";"Longueur 7 / 9 (T-Q2)";
0.80;"adidas|short|textile";"SportSystem";"Short de tennis Adidas Short Ergo Aeroready Homme";50;"Tennis Point FR";"Vêtement de tennis adidas Ergo 9Inch Shorts Hommes - blanc";65;"ergo";"";"";"longueur: ? | 9 ; prix d'origine 23 % d'écart";"proche";"Longueur d'un seul côté ; SportSystem GL5326 = ancienne génération";
0.80;"adidas|short|textile";"SportSystem";"Short de tennis Adidas Short tennis Adidas Ergo 7 Pro orange-noir Homme";65;"Tennispro.fr";"Short de tennis Adidas Ergo Pro Paris";65;"ergo pro";"";"";"genre: homme | ? ; longueur: 7 | ? ; edition: ? | paris";"proche?";"Édition d'un seul côté (règle) ; orange = Paris, même prix : probable même article";
0.80;"nike|short|textile";"SportSystem";"Short de tennis Nike Short tennis Nike Court Slam ocre Homme";70;"Tennis Point FR";"Vêtement de tennis Nike Carlos Alcaraz Court Dri-Fit Slam Shorts Hommes-vert clair, vert";89.99;"slam";"";"";"edition: ? | alcaraz ; prix d'origine 22 % d'écart";"proche";"Édition joueur (Alcaraz) ; prix 70 / 90";
0.80;"nike|short|textile";"SportSystem";"Short de tennis Nike Short tennis Nike Court Slam ocre Homme";70;"Tennis Point FR";"Vêtement de tennis Nike Jannik Sinner Court Dri-Fit Slam Shorts Hommes-vert olive";89.99;"slam";"";"";"edition: ? | sinner ; prix d'origine 22 % d'écart";"proche";"Édition joueur (Sinner) ; prix 70 / 90";
0.80;"adidas|tshirt|textile";"Tennispro.fr";"T-shirt de tennis Adidas Freelift Pro Londres";60;"SportSystem";"T-shirt de tennis Adidas Tee-shirt de tennis Adidas Freelift Pro Open d'Australie 2026 noir Homme";65;"freelift pro";"";"";"genre: ? | homme ; millesime: ? | 2026 ; edition: londres | melbourne";"différent";"Éditions différentes Londres / Melbourne";
0.80;"adidas|tshirt|textile";"Tennispro.fr";"T-shirt de tennis Adidas Freelift Pro Melbourne Zverev / Tsitsipas";65;"SportSystem";"T-shirt de tennis Adidas Tee-shirt de tennis Adidas Freelift Pro Open d'Australie 2026 noir Homme";65;"freelift pro";"";"";"genre: ? | homme ; millesime: ? | 2026 ; edition: melbourne+tsitsipas+zverev | melbourne";"proche?";"Même édition Melbourne, même prix ; Tennispro a deux t-shirts Melbourne, un seul peut correspondre";
0.80;"adidas|tshirt|textile";"Tennispro.fr";"T-shirt de tennis Adidas Freelift Pro Tsitsipas / Aliassime Miami";65;"SportSystem";"T-shirt de tennis Adidas Tee-shirt de tennis Adidas Freelift Pro Open d'Australie 2026 noir Homme";65;"freelift pro";"";"";"genre: ? | homme ; millesime: ? | 2026 ; edition: aliassime+miami+tsitsipas | melbourne";"différent";"Éditions différentes Miami / Melbourne";
0.80;"adidas|tshirt|textile";"SportSystem";"T-shirt de tennis Adidas Tee-shirt de tennis Adidas Freelift Pro Open d'Australie 2026 noir Homme";65;"Tennispro.fr";"T-shirt de tennis Adidas Freelift Pro Melbourne Auger-aliassime";65;"freelift pro";"";"";"genre: homme | ? ; millesime: 2026 | ? ; edition: melbourne | aliassime+melbourne";"proche?";"Même édition Melbourne, même prix ; voir ligne 51";
0.80;"adidas|tshirt|textile";"SportSystem";"T-shirt de tennis Adidas Tee-shirt de tennis junior Adidas Club Climacool bordeaux Enfant";25;"Sport 2000";"Vêtement de tennis ADIDAS Tee-Shirt Tennis Homme B Club Tee Junior Garçon";25;"club";"";"";"genre: ? | homme ; sous_gamme: climacool | ?";"identique";"Sous-gamme Climacool d'un seul côté, prix égaux (D-2026-09-30-01)";
0.80;"head|tshirt|textile";"SportSystem";"T-shirt de tennis Head Tee-shirt de tennis Head club 22 bleu royal Homme";40;"Tennis Point FR";"Vêtement de tennis HEAD Club 22 T-shirt - bleu";45;"club";"";"";"genre: homme | ?";"identique";"Club 22 T-shirt homme des deux côtés (811431) ; genre écrit d'un seul côté";
0.80;"adidas|tshirt|textile";"Tennis Point FR";"Vêtement de tennis adidas Club T-shirt Enfants - noir";25;"Sport 2000";"Vêtement de tennis ADIDAS Tee-Shirt Tennis Homme B Club Tee Junior Garçon";25;"club";"";"";"genre: ? | homme";"identique";"Club T-shirt junior des deux côtés, même prix";
0.80;"adidas|short|textile";"Tennis Point FR";"Vêtement de tennis adidas Ergo 7Inch Shorts Hommes - noir";65;"SportSystem";"Short de tennis Adidas Short Ergo 7 PrimeBlue US Open Homme";55;"ergo";"";"";"edition: ? | new york ; prix d'origine 15 % d'écart";"proche";"Édition d'un seul côté (US Open) ; H31378 = Primeblue, ancienne génération";
0.80;"adidas|short|textile";"Tennis Point FR";"Vêtement de tennis adidas Ergo 7Inch Shorts Hommes - noir";65;"SportSystem";"Short de tennis Adidas Short Ergo Aeroready Homme";50;"ergo";"";"";"longueur: 7 | ? ; prix d'origine 23 % d'écart";"proche";"Longueur d'un seul côté ; GL5326 = ancienne génération";
0.80;"adidas|short|textile";"Tennis Point FR";"Vêtement de tennis adidas Ergo 7Inch Shorts Hommes - noir";65;"SportSystem";"Short de tennis Adidas Short de tennis homme Adidas Ergo 7 bordeaux Zverev Open d'Australie Homme";55;"ergo";"";"";"edition: ? | melbourne+zverev ; prix d'origine 15 % d'écart";"proche";"Édition joueur / Open d'Australie d'un seul côté";
0.80;"adidas|short|textile";"Tennis Point FR";"Vêtement de tennis adidas Ergo 9Inch Shorts Hommes - blanc";65;"SportSystem";"Short de tennis Adidas Short Ergo 7 PrimeBlue US Open Homme";55;"ergo";"";"";"longueur: 9 | 7 ; edition: ? | new york ; prix d'origine 15 % d'écart";"proche";"Longueur 9 / 7";
0.80;"adidas|short|textile";"Tennis Point FR";"Vêtement de tennis adidas Ergo 9Inch Shorts Hommes - blanc";65;"SportSystem";"Short de tennis Adidas Short de tennis homme Adidas Ergo 7 bordeaux Zverev Open d'Australie Homme";55;"ergo";"";"";"longueur: 9 | 7 ; edition: ? | melbourne+zverev ; prix d'origine 15 % d'écart";"proche";"Longueur 9 / 7";
0.80;"adidas|polo|textile";"Tennis Point FR";"Vêtement de tennis adidas Freelift Pro Polo Hommes - bleu";70;"Tennispro.fr";"Polo de tennis Adidas Freelift Pro Londres";65;"freelift pro";"";"";"genre: homme | ? ; edition: ? | londres";"proche";"Édition d'un seul côté (Londres = blanc, Tennis Point FR bleu)";
0.80;"adidas|polo|textile";"Tennis Point FR";"Vêtement de tennis adidas Freelift Pro Polo Hommes - bleu";70;"Tennispro.fr";"Polo de tennis Adidas Pro Freelift Tsitsipas New York";80;"freelift pro";"";"";"genre: homme | ? ; edition: ? | new york+tsitsipas";"proche";"Édition d'un seul côté";
0.80;"adidas|tshirt|textile";"Tennis Point FR";"Vêtement de tennis adidas Freelift Pro T-shirt Hommes - noir";65;"Tennispro.fr";"T-shirt de tennis Adidas Freelift Pro Londres";60;"freelift pro";"";"";"genre: homme | ? ; edition: ? | londres";"différent";"Tennis Point FR noir = Open d'Australie 2026 (GTIN, ligne 27) ≠ Londres";
0.80;"adidas|tshirt|textile";"Tennis Point FR";"Vêtement de tennis adidas Freelift Pro T-shirt Hommes - noir";65;"Tennispro.fr";"T-shirt de tennis Adidas Freelift Pro Melbourne Auger-aliassime";65;"freelift pro";"";"";"genre: homme | ? ; edition: ? | aliassime+melbourne";"proche?";"Tennis Point FR noir = Open d'Australie 2026 (GTIN) ; même édition Melbourne";
0.80;"adidas|tshirt|textile";"Tennis Point FR";"Vêtement de tennis adidas Freelift Pro T-shirt Hommes - noir";65;"Tennispro.fr";"T-shirt de tennis Adidas Freelift Pro Melbourne Zverev / Tsitsipas";65;"freelift pro";"";"";"genre: homme | ? ; edition: ? | melbourne+tsitsipas+zverev";"proche?";"Tennis Point FR noir = Open d'Australie 2026 (GTIN) ; même édition Melbourne";
0.80;"adidas|tshirt|textile";"Tennis Point FR";"Vêtement de tennis adidas Freelift Pro T-shirt Hommes - noir";65;"Tennispro.fr";"T-shirt de tennis Adidas Freelift Pro Tsitsipas / Aliassime Miami";65;"freelift pro";"";"";"genre: homme | ? ; edition: ? | aliassime+miami+tsitsipas";"différent";"Tennis Point FR noir = Open d'Australie 2026 (GTIN) ≠ Miami";
0.80;"adidas|debardeur|textile";"Tennis Point FR";"Vêtement de tennis adidas Match Pro Débardeur tank top Femmes - blanc";50;"Tennispro.fr";"Débardeur de tennis Adidas Femme Match Pro Miami";65;"match pro";"";"";"edition: ? | miami ; prix d'origine 23 % d'écart";"proche";"Édition d'un seul côté ; prix 50 / 65";
0.80;"adidas|debardeur|textile";"Tennis Point FR";"Vêtement de tennis adidas Match Pro Débardeur tank top Femmes - blanc";50;"Tennispro.fr";"Débardeur de tennis Adidas Femme Match Pro Paris";65;"match pro";"";"";"edition: ? | paris ; prix d'origine 23 % d'écart";"proche";"Édition d'un seul côté ; prix 50 / 65";
0.67;"adidas|debardeur|textile";"Tennispro.fr";"Débardeur de tennis Adidas Pro Femme Crop Athlete New York";60;"Tennis Point FR";"Vêtement de tennis adidas Crop Pro Débardeur Tank Top Femmes-Lilas,Multicouleur";59.95;"pro crop";"athlete";"";"edition: new york | ?";"proche";"Édition d'un seul côté (New York)";
0.67;"lacoste|tshirt|textile";"SportSystem";"T-shirt de tennis Lacoste Tee-shirt Lacoste Sport Ultra Dry bleu clair Homme";70;"Sport 2000";"Vêtement de tennis LACOSTE Tee-Shirt Tennis Homme Ultra-Dry Homme";80;"ultra dry";"sport";"";"";"différent";"Références Lacoste différentes TH8917 / TH0209";
0.67;"lacoste|tshirt|textile";"SportSystem";"T-shirt de tennis Lacoste Tee-shirt Lacoste x Roland Garros Ultra Dry blanc Homme";75;"Sport 2000";"Vêtement de tennis LACOSTE Tee-Shirt Tennis Homme Ultra-Dry Homme";80;"ultra dry";"x";"";"edition: rg | ?";"différent";"Références Lacoste différentes TH8309 / TH0209";
0.67;"lacoste|tshirt|textile";"SportSystem";"T-shirt de tennis Lacoste Tee-shirt tennis Lacoste Crocodile Ultra Dry vert Homme";70;"Sport 2000";"Vêtement de tennis LACOSTE Tee-Shirt Tennis Homme Ultra-Dry Homme";80;"ultra dry";"crocodile";"";"";"différent";"Références Lacoste différentes TH8937 / TH0209";
0.67;"adidas|tshirt|textile";"Tennis Point FR";"Vêtement de tennis adidas Freelift Mesh Pro T-shirt Hommes-Rouge";70;"SportSystem";"T-shirt de tennis Adidas Tee-shirt de tennis Adidas Freelift Pro Open d'Australie 2026 noir Homme";65;"freelift pro";"mesh";"";"millesime: ? | 2026 ; edition: ? | melbourne";"différent";"Freelift Mesh Pro ≠ Freelift Pro Open d'Australie";
0.67;"adidas|debardeur|textile";"Tennis Point FR";"Vêtement de tennis adidas Y- Pro Crop Débardeur tank top Femmes - lilas, argent";55;"Tennispro.fr";"Débardeur de tennis Adidas Femme Y-pro Londres";55;"y pro";"crop";"";"edition: ? | londres";"proche";"« Crop » et édition d'un seul côté";
0.60;"adidas|pantalon|textile";"Tennispro.fr";"Pantalon de tennis Adidas Homme W Z.n.e Pt";90;"Tennis Point FR";"Vêtement de tennis adidas Z.N.E. Pantalon Survêtement Hommes-Bleu Foncé,Blanc";90;"z n e";"w pt";"";"";"incertain";"Tennispro écrit « Homme W » (W = femme chez adidas) : genre à vérifier sur la fiche KF3817";
0.57;"adidas|tshirt|textile";"Tennispro.fr";"T-shirt de tennis Adidas Freelift Pro Londres";60;"Tennis Point FR";"Vêtement de tennis adidas Freelift Mesh Pro T-shirt Hommes-Rouge";70;"freelift pro";"";"mesh";"genre: ? | homme ; edition: londres | ?";"différent";"Freelift Mesh Pro ≠ Freelift Pro";
0.57;"adidas|tshirt|textile";"Tennispro.fr";"T-shirt de tennis Adidas Freelift Pro Melbourne Zverev / Tsitsipas";65;"Tennis Point FR";"Vêtement de tennis adidas Freelift Mesh Pro T-shirt Hommes-Rouge";70;"freelift pro";"";"mesh";"genre: ? | homme ; edition: melbourne+tsitsipas+zverev | ?";"différent";"Freelift Mesh Pro ≠ Freelift Pro";
0.57;"adidas|tshirt|textile";"Tennispro.fr";"T-shirt de tennis Adidas Freelift Pro Tsitsipas / Aliassime Miami";65;"Tennis Point FR";"Vêtement de tennis adidas Freelift Mesh Pro T-shirt Hommes-Rouge";70;"freelift pro";"";"mesh";"genre: ? | homme ; edition: aliassime+miami+tsitsipas | ?";"différent";"Freelift Mesh Pro ≠ Freelift Pro";
0.57;"adidas|tshirt|textile";"Tennis Point FR";"Vêtement de tennis adidas Freelift Mesh Pro T-shirt Hommes-Rouge";70;"Tennispro.fr";"T-shirt de tennis Adidas Freelift Pro Melbourne Auger-aliassime";65;"freelift pro";"mesh";"";"genre: homme | ? ; edition: ? | aliassime+melbourne";"différent";"Freelift Mesh Pro ≠ Freelift Pro";
0.57;"adidas|pantalon|textile";"Tennis Point FR";"Vêtement de tennis adidas Walk On Pantalon Survêtement Hommes-Noir";75;"Tennispro.fr";"Pantalon de tennis Adidas Walk On Gameset Londres";75;"walk on";"";"gameset";"genre: homme | ? ; edition: ? | londres";"proche";"Collection Gameset / édition Londres d'un seul côté";
0.57;"adidas|pantalon|textile";"Tennis Point FR";"Vêtement de tennis adidas Walk On Pantalon survêtement Femmes-blanc";75;"Tennispro.fr";"Pantalon de tennis Adidas Walk On Gameset Londres";75;"walk on";"";"gameset";"genre: femme | ? ; edition: ? | londres";"proche";"Collection Gameset / édition Londres d'un seul côté ; genre femme d'un côté";
0.50;"head|polo|textile";"Head";"CLUB 25 TECH Polo femme";50;"Tennis Point FR";"Vêtement de tennis HEAD Club 22 Polo Femmes - rouge,";50;"club";"tech";"";"millesime: 2025 | 2022";"proche";"Génération 25 / 22";
0.50;"head|polo|textile";"Head";"CLUB 25 TECH Polo femme";50;"Tennis Point FR";"Vêtement de tennis HEAD Club Polo Femmes-Blanc,Bleu";50;"club";"tech";"";"millesime: 2025 | ?";"proche";"Génération : Club 25 Tech face au Club de la série 22 de Tennis Point FR";
0.50;"head|tshirt|textile";"Head";"CLUB 25 TECH T-shirt femme";40;"Tennis Point FR";"Vêtement de tennis HEAD Club T-shirt Femmes-Blanc,Bleu";45;"club";"tech";"";"millesime: 2025 | ?";"proche";"Génération : Club 25 Tech face au Club de la série 22 de Tennis Point FR";
0.50;"head|pantalon|textile";"Head";"CLUB Pantalon femme";55;"Tennis Point FR";"Vêtement de tennis HEAD Club Rosie Pantalon survêtement Femmes - noir,";55;"club";"";"rosie";"";"identique?";"« Club Rosie » est le nom Head du pantalon Club femme ; même prix : à confirmer sur la fiche";
0.50;"head|pantalon|textile";"Head";"CLUB Pantalon homme";55;"Tennis Point FR";"Vêtement de tennis HEAD Club Byron Pantalon Survêtement Hommes-Bleu,Blanc";55;"club";"";"byron";"";"identique?";"« Club Byron » est le nom Head du pantalon Club homme ; même prix : à confirmer sur la fiche";
0.50;"adidas|debardeur|textile";"Tennispro.fr";"Débardeur de tennis Adidas Femme Match";50;"Tennis Point FR";"Vêtement de tennis adidas Match Pro Débardeur tank top Femmes - blanc";50;"match";"";"pro";"";"différent";"Match ≠ Match Pro (Tennispro vend les deux)";
0.50;"adidas|debardeur|textile";"Tennispro.fr";"Débardeur de tennis Adidas Femme Match Euro Clay";55;"Tennis Point FR";"Vêtement de tennis adidas Match Pro Débardeur tank top Femmes - blanc";50;"match";"";"pro";"edition: euro clay | ?";"différent";"Match ≠ Match Pro";
0.50;"adidas|debardeur|textile";"Tennispro.fr";"Débardeur de tennis Adidas Femme Pro Athlete New York";65;"Tennis Point FR";"Vêtement de tennis adidas Pro Débardeur tank top Femmes-orange";60;"pro";"athlete";"";"edition: new york | ?";"proche";"« Athlete » et édition d'un seul côté";
0.50;"adidas|debardeur|textile";"Tennispro.fr";"Débardeur de tennis Adidas Femme Pro Athlete Paris";65;"Tennis Point FR";"Vêtement de tennis adidas Pro Débardeur tank top Femmes-orange";60;"pro";"athlete";"";"edition: paris | ?";"proche";"« Athlete » et édition d'un seul côté";
0.50;"adidas|debardeur|textile";"Tennispro.fr";"Débardeur de tennis Adidas Femme Y-pro Londres";55;"Tennis Point FR";"Vêtement de tennis adidas Pro Débardeur tank top Femmes-orange";60;"pro";"y";"";"edition: londres | ?";"différent";"Y-Pro ≠ Pro";
0.50;"adidas|debardeur|textile";"Tennispro.fr";"Débardeur de tennis Adidas Pro Femme Crop Athlete New York";60;"Tennis Point FR";"Vêtement de tennis adidas Y- Pro Crop Débardeur tank top Femmes - lilas, argent";55;"pro crop";"athlete";"y";"edition: new york | ?";"différent";"Pro Crop Athlete ≠ Y-Pro Crop";
0.50;"head|debardeur|textile";"SportSystem";"Débardeur de tennis Head Débardeur de tennis femme Head Club Tank Femme";35;"Head";"CLUB 25 TECH Débardeur femme";35;"club";"";"tech";"millesime: ? | 2025";"proche";"Génération : 814461 (Club 22) ≠ 814735 (Club 25 Tech)";
0.50;"adidas|jupe|textile";"Tennispro.fr";"Jupe de tennis Adidas Femme Pro Melbourne";65;"Tennis Point FR";"Vêtement de tennis adidas Print Pro Jupe Femmes-Vert Clair";65;"pro";"";"print";"edition: melbourne | ?";"proche";"« Print » et édition d'un seul côté";
0.50;"adidas|jupe|textile";"Tennispro.fr";"Jupe de tennis Adidas Femme Pro Miami";65;"Tennis Point FR";"Vêtement de tennis adidas Print Pro Jupe Femmes-Vert Clair";65;"pro";"";"print";"edition: miami | ?";"proche";"« Print » et édition d'un seul côté";
0.50;"adidas|jupe|textile";"SportSystem";"Jupe de tennis Adidas Jupe de tennis femme Adidas Club Femme";45;"Tennis Point FR";"Vêtement de tennis adidas Club Pleat Jupe Femmes - noir";50;"club";"";"pleat";"";"différent";"Club ≠ Club Pleat (jupe plissée, autre modèle)";
0.50;"adidas|polo|textile";"Tennispro.fr";"Polo de tennis Adidas Freelift Pro Auger-aliassime Melbourne";70;"Tennis Point FR";"Vêtement de tennis adidas Pro Polo -blanc";75;"pro";"freelift";"";"edition: aliassime+melbourne | ?";"différent";"Freelift Pro ≠ Pro Polo";
0.50;"adidas|polo|textile";"Tennispro.fr";"Polo de tennis Adidas Freelift Pro Londres";65;"Tennis Point FR";"Vêtement de tennis adidas Pro Polo -blanc";75;"pro";"freelift";"";"edition: londres | ?";"différent";"Freelift Pro ≠ Pro Polo";
0.50;"adidas|polo|textile";"SportSystem";"Polo de tennis Adidas Polo FreeLift PrimeBlue Automne Homme";65;"Tennis Point FR";"Vêtement de tennis adidas Freelift Pro Polo Hommes - bleu";70;"freelift";"";"pro";"";"différent";"FreeLift Primeblue (GT7847, 2021) ≠ Freelift Pro";
0.50;"adidas|polo|textile";"Tennispro.fr";"Polo de tennis Adidas Pro Freelift Tsitsipas New York";80;"Tennis Point FR";"Vêtement de tennis adidas Pro Polo -blanc";75;"pro";"freelift";"";"edition: new york+tsitsipas | ?";"différent";"Pro Freelift ≠ Pro Polo";
0.50;"adidas|polo|textile";"Tennispro.fr";"Polo de tennis Adidas Pro Tsitsipas New York Day";80;"Tennis Point FR";"Vêtement de tennis adidas Pro Polo -blanc";75;"pro";"day";"";"edition: new york+tsitsipas | ?";"proche";"Édition d'un seul côté (Tsitsipas New York)";
0.50;"head|polo|textile";"SportSystem";"Polo de tennis Head Polo de tennis Head club 22 blanc Homme";50;"Head";"CLUB 25 TECH Polo homme";50;"club";"";"tech";"millesime: 2022 | 2025";"proche";"Génération : 811421 (Club 22) ≠ 811715 (Club 25 Tech)";
0.50;"head|polo|textile";"SportSystem";"Polo de tennis Head Polo de tennis femme Head Club Tech marine Femme";50;"Tennis Point FR";"Vêtement de tennis HEAD Club 22 Polo Femmes - rouge,";50;"club";"tech";"";"millesime: ? | 2022";"identique?";"SportSystem « Club Tech » = Club 22 Tech (réf. 814421) = Tennis Point FR « Club 22 Polo » : « Tech » écrit d'un seul côté";
0.50;"head|polo|textile";"SportSystem";"Polo de tennis Head Polo de tennis femme Head Club Tech marine Femme";50;"Tennis Point FR";"Vêtement de tennis HEAD Club Polo Femmes-Blanc,Bleu";50;"club";"tech";"";"";"incertain";"Tennis Point FR a deux polos Club femme (Club 22 rouge, Club blanc/bleu) : lequel est le Tech ?";
0.50;"tecnifibre|polo|textile";"Tecnifibre";"Polo de tennis Tecnifibre Polo Piqué Homme Sand";60;"SportSystem";"Polo de tennis Tecnifibre Polo piqué homme Tecnifibre Tech beige Homme";60;"pique";"sand";"";"";"identique";"Référence Tecnifibre commune 25POPISA (Sand = beige)";
0.50;"head|tshirt|textile";"Head";"SLICE II T-shirt garçon";45;"Tennis Point FR";"Vêtement de tennis HEAD Vision Slice II T-shirt Garçons-bleu";45;"slice";"";"vision";"";"identique";"« Vision » est la ligne Head écrite par Tennis Point FR ; Slice II des deux côtés, même prix";
0.50;"adidas|short|textile";"Tennispro.fr";"Short de tennis Adidas Femme Match Tight Gameset";60;"Tennis Point FR";"Vêtement de tennis adidas Match Shorts Femmes - orange";55;"match";"gameset";"";"";"différent";"Match Tight ≠ Match Short";
0.50;"adidas|short|textile";"SportSystem";"Short de tennis Adidas Short Club SW Aeroready Homme";45;"Tennis Point FR";"Vêtement de tennis adidas Club 2in1 7in Shorts Hommes-Bleu Foncé";50;"club";"";"2in1";"longueur: ? | 7";"différent";"Club SW (GL5409, ancien) ≠ Club 2in1";
0.50;"adidas|short|textile";"SportSystem";"Short de tennis Adidas Short Club SW Aeroready Homme";45;"Tennis Point FR";"Vêtement de tennis adidas Club 2in1 Shorts Hommes-Blanc";45;"club";"";"2in1";"";"différent";"Club SW ≠ Club 2in1";
0.50;"adidas|short|textile";"SportSystem";"Short de tennis Adidas Short tennis Adidas Aeroready Club 23 Homme";40;"Tennis Point FR";"Vêtement de tennis adidas Club 2in1 Shorts Hommes-Blanc";45;"club";"";"2in1";"millesime: 2023 | ?";"différent";"Club 23 ≠ Club 2in1";
0.50;"adidas|short|textile";"SportSystem";"Short de tennis Adidas Short tennis Adidas Club Stretch 23 Homme";45;"Sport 2000";"Vêtement de tennis ADIDAS Short Homme Club Homme";40;"club";"stretch";"";"millesime: 2023 | ?";"différent";"Club Stretch ≠ Club";
0.50;"adidas|short|textile";"SportSystem";"Short de tennis Adidas Short tennis Adidas Ergo 7 Pro orange-noir Homme";65;"Tennis Point FR";"Vêtement de tennis adidas Ergo 9Inch Shorts Hommes - blanc";65;"ergo";"pro";"";"longueur: 7 | 9";"proche";"Longueur 7 / 9 ; « Pro » d'un seul côté";
0.50;"nike|short|textile";"SportSystem";"Short de tennis Nike Short Rafa Nadal ADV 7 Slam Homme";70;"Tennis Point FR";"Vêtement de tennis Nike Jannik Sinner Court Dri-FIT Advantage 6in Shorts Hommes - gris foncé";59.99;"advantage";"slam";"";"longueur: 7 | 6 ; edition: nadal | sinner";"différent";"Nadal ADV Slam ≠ Sinner Advantage";
0.50;"nike|short|textile";"SportSystem";"Short de tennis Nike Short Rafa Nadal ADV Austalie Homme";70;"Tennis Point FR";"Vêtement de tennis Nike Jannik Sinner Court Dri-FIT Advantage 6in Shorts Hommes - gris foncé";59.99;"advantage";"austalie";"";"longueur: ? | 6 ; edition: nadal | sinner";"différent";"Édition Nadal ≠ édition Sinner";
0.50;"nike|short|textile";"SportSystem";"Short de tennis Nike Short tennis Nike Flex 7 Advantage ocre Homme";60;"Tennis Point FR";"Vêtement de tennis Nike Jannik Sinner Court Dri-FIT Advantage 6in Shorts Hommes - gris foncé";59.99;"advantage";"flex";"";"longueur: 7 | 6 ; edition: ? | sinner";"proche";"Édition joueur ; longueur 7 / 6";
0.50;"nike|short|textile";"SportSystem";"Short de tennis Nike Short tennis NikeCourt Flex Advantage 23 Homme";60;"Tennis Point FR";"Vêtement de tennis Nike Jannik Sinner Court Dri-FIT Advantage 6in Shorts Hommes - gris foncé";59.99;"advantage";"flex";"";"millesime: 2023 | ? ; longueur: ? | 6 ; edition: ? | sinner";"proche";"Édition joueur ; DD8329 = génération 2023";
0.50;"adidas|tshirt|textile";"SportSystem";"T-shirt de tennis Adidas Tee-shirt tennis femme Club Femme";40;"Tennis Point FR";"Vêtement de tennis adidas Club Plain T-shirt Femmes - noir";40;"club";"";"plain";"";"proche";"« Plain » d'un seul côté";
0.50;"babolat|tshirt|textile";"SportSystem";"T-shirt de tennis Babolat Tee-shirt de tennis Babolat Exercise Smash jaune Homme";25;"Babolat";"Vêtement de tennis Babolat Exercise Babolat Tee Homme";25;"exercise";"smash";"";"";"différent";"Références Babolat différentes 4MS25445 / 4MP2441";
0.50;"babolat|tshirt|textile";"SportSystem";"T-shirt de tennis Babolat Tee-shirt femme Babolat Play Crew blanc ou bleu Femme";30;"Tennis Point FR";"Vêtement de tennis Babolat Play T-shirt Femmes-Blanc,Bleu Clair";30;"play";"crew";"";"";"identique";"Babolat Play Crew femme = Play T-shirt femme, même prix (le Cap Sleeve est un autre article, ligne 129)";
0.50;"head|tshirt|textile";"SportSystem";"T-shirt de tennis Head Tee-shirt de tennis Head club 22 bleu royal Homme";40;"Head";"CLUB 25 TECH T-shirt homme";40;"club";"";"tech";"millesime: 2022 | 2025";"proche";"Génération : 811431 (Club 22) ≠ 811725 (Club 25 Tech)";
0.50;"head|tshirt|textile";"SportSystem";"T-shirt de tennis Head Tee-shirt de tennis femme Head Club Tech blanc Femme";40;"Tennis Point FR";"Vêtement de tennis HEAD Club T-shirt Femmes-Blanc,Bleu";45;"club";"tech";"";"";"identique?";"SportSystem « Club Tech » = Club 22 Tech (814431) ; Tennis Point FR « Club T-shirt Femmes » de la même série que ses Club 22";
0.50;"lacoste|tshirt|textile";"SportSystem";"T-shirt de tennis Lacoste Tee-shirt Lacoste x Miami Open Ultra Dry blanc Homme";75;"Sport 2000";"Vêtement de tennis LACOSTE Tee-Shirt Tennis Homme Ultra-Dry Homme";80;"ultra dry";"x open";"";"edition: miami | ?";"différent";"Références Lacoste différentes TH8636 / TH0209";
0.50;"lotto|tshirt|textile";"SportSystem";"T-shirt de tennis Lotto Tee-shirt de tennis femme Lotto D3 Tech marron Femme";45;"Tennis Point FR";"Vêtement de tennis Lotto Tech T-shirt Femmes-Blanc,Gris";45;"tech";"d3";"";"";"incertain";"D3 écrit d'un seul côté ; Tennis Point FR « Tech » peut être D2 ou D3 (voir ligne 135)";
0.50;"tecnifibre|tshirt|textile";"SportSystem";"T-shirt de tennis Tecnifibre Tee-shirt homme Tecnifibre Tech Graphic beige Homme";35;"Tecnifibre";"T-shirt de tennis Tecnifibre T-shirt Graphic Tee Homme Sand";35;"graphic";"";"sand";"";"identique";"Référence Tecnifibre commune 22GRATSA";
0.50;"adidas|debardeur|textile";"Sport 2000";"Vêtement de tennis ADIDAS Débardeur Femme Club Climacool Tank Femme";35;"Tennispro.fr";"Débardeur de tennis Adidas Femme Club V";35;"club";"";"v";"sous_gamme: climacool | ?";"proche";"Sous-gamme Climacool et « V » d'un seul côté";
0.50;"asics|polo|textile";"Tennis Point FR";"Vêtement de tennis ASICS Match Jacquard Polo Hommes - vert";80;"SportSystem";"Polo de tennis Asics Polo tennis Asics Match Homme";75;"match";"jacquard";"";"";"proche";"« Jacquard » d'un seul côté (autre dessin, prix 80 / 75)";
0.50;"babolat|tshirt|textile";"Babolat";"Vêtement de tennis Babolat Exercise Message Tee Homme";25;"SportSystem";"T-shirt de tennis Babolat Tee-shirt tennis Babolat Exercise Homme";25;"exercise";"message";"";"";"différent";"Références Babolat différentes 4MS26445 / 4MP2441";
0.50;"babolat|tshirt|textile";"Tennis Point FR";"Vêtement de tennis Babolat Play T-shirt Femmes-Blanc,Bleu Clair";30;"Babolat";"Vêtement de tennis Babolat Play Cap Sleeve Top Femme";30;"play";"";"capsleeve";"";"différent";"Play T-shirt ≠ Play Cap Sleeve Top (réf. 3WTF011)";
0.50;"head|pantalon|textile";"Tennis Point FR";"Vêtement de tennis HEAD Club Pantalon Survêtement Femmes-Gris";55;"Head";"CLUB ORIGINAL Pantalon femme";55;"club";"";"original";"";"différent";"Club Original (nouvelle ligne Head) ≠ Club série 22";
0.50;"head|tshirt|textile";"Tennis Point FR";"Vêtement de tennis HEAD Vision Rainbow T-shirt Enfants - turquoise";35;"Head";"RAINBOW T-shirt de tennis enfant";35;"rainbow";"vision";"";"";"identique";"Rainbow T-shirt enfant des deux côtés, même prix (« Vision » = ligne Head)";
0.50;"head|tshirt|textile";"Tennis Point FR";"Vêtement de tennis HEAD Vision Rainbow T-shirt Hommes-bleu";40;"Head";"RAINBOW T-shirt homme";40;"rainbow";"vision";"";"";"identique";"Rainbow T-shirt homme des deux côtés, même prix";
0.50;"head|tshirt|textile";"Tennis Point FR";"Vêtement de tennis HEAD Vision Rainbow T-shirt Hommes-bleu";40;"Head";"VISION T-shirt homme";45;"vision";"rainbow";"";"";"différent";"Rainbow ≠ Vision T-shirt (Head vend les deux)";
0.50;"lacoste|tshirt|textile";"Sport 2000";"Vêtement de tennis LACOSTE Tee-Shirt Tennis Homme Ultra-Dry Homme";80;"SportSystem";"T-shirt de tennis Lacoste Tee-shirt Lacoste coton bleu Crocodile Ultra Dry Homme";70;"ultra dry";"";"coton crocodile";"";"différent";"Références Lacoste différentes TH2508 / TH0209";
0.50;"lotto|tshirt|textile";"Tennis Point FR";"Vêtement de tennis Lotto Tech T-shirt Femmes-Blanc,Gris";45;"SportSystem";"T-shirt de tennis Lotto Tee-Shirt de tennis femme Lotto D2 Tech bleu Femme";45;"tech";"";"d2";"";"incertain";"D2 écrit d'un seul côté ; voir ligne 124";
0.50;"nike|jupe|textile";"Sport 2000";"Vêtement de tennis NIKE Jupe Femme W NKCT DF VCTRY SKRT FLOUNCY Rose Femme";49.99;"Tennis Point FR";"Vêtement de tennis Nike Dri-FIT Victory Straight Jupe Femmes - bleu clair";54.99;"victory";"";"straight";"";"différent";"Jupe Victory Flouncy (DH9552) ≠ Victory Straight";
0.50;"nike|polo|textile";"Sport 2000";"Vêtement de tennis NIKE Polo Homme M NKCT DF SOLID Bleu Homme";44.99;"Tennis Point FR";"Vêtement de tennis Nike Dri-Fit Victory Court Solid Polo Hommes - bleu gris";44.99;"solid";"";"victory";"";"identique";"DH0857 = Nike Court Dri-FIT Victory Solid Polo, même prix";
0.50;"nike|jupe|textile";"Tennis Point FR";"Vêtement de tennis Nike Court Dri-FIT Advantage Ace Jupe Femmes - bleu clair";74.99;"SportSystem";"Jupe de tennis Nike Jupe tennis femme Nike Court Advantage Femme";70;"advantage";"ace";"";"";"différent";"Advantage Ace ≠ Advantage";
0.50;"nike|short|textile";"Tennis Point FR";"Vêtement de tennis Nike Court Dri-Fit Advantage 6in Shorts Hommes-vert";64.99;"SportSystem";"Short de tennis Nike Short Rafa Nadal ADV 7 Slam Homme";70;"advantage";"";"slam";"longueur: 6 | 7 ; edition: ? | nadal";"différent";"Nadal ADV Slam ≠ Advantage 6in";
0.50;"nike|short|textile";"Tennis Point FR";"Vêtement de tennis Nike Court Dri-Fit Advantage 6in Shorts Hommes-vert";64.99;"SportSystem";"Short de tennis Nike Short Rafa Nadal ADV Austalie Homme";70;"advantage";"";"austalie";"longueur: 6 | ? ; edition: ? | nadal";"différent";"Édition Nadal ; génération 2023";
0.50;"nike|short|textile";"Tennis Point FR";"Vêtement de tennis Nike Court Dri-Fit Advantage 6in Shorts Hommes-vert";64.99;"SportSystem";"Short de tennis Nike Short tennis Nike Flex 7 Advantage ocre Homme";60;"advantage";"";"flex";"longueur: 6 | 7";"proche";"Longueur 6 / 7";
0.50;"nike|short|textile";"Tennis Point FR";"Vêtement de tennis Nike Court Dri-Fit Advantage 6in Shorts Hommes-vert";64.99;"SportSystem";"Short de tennis Nike Short tennis NikeCourt Flex Advantage 23 Homme";60;"advantage";"";"flex";"millesime: ? | 2023 ; longueur: 6 | ?";"proche";"Génération : DD8329 (Flex 2023)";
0.50;"nike|debardeur|textile";"Tennis Point FR";"Vêtement de tennis Nike Dri-Fit Victory Débardeur Tank Top Femmes-Sauge";42.99;"Sport 2000";"Vêtement de tennis NIKE Débardeur Femme W NK DF VCTRY TANK Mauve Femme";42.99;"victory";"";"nk";"";"identique";"Victory Tank femme des deux côtés (FD5584), même prix";
0.50;"adidas|debardeur|textile";"Tennis Point FR";"Vêtement de tennis adidas Crop Pro Débardeur Tank Top Femmes-Lilas,Multicouleur";59.95;"Tennispro.fr";"Débardeur de tennis Adidas Femme Pro Paris";65;"pro";"crop";"";"edition: ? | paris";"différent";"Crop Pro ≠ Pro";
0.50;"adidas|short|textile";"Tennis Point FR";"Vêtement de tennis adidas Ergo 7Inch Shorts Hommes - noir";65;"SportSystem";"Short de tennis Adidas Short tennis Adidas Ergo 7 Pro orange-noir Homme";65;"ergo";"";"pro";"";"incertain";"Ergo 7 face à Ergo 7 Pro, même prix : « Pro » est-il un autre modèle ?";
0.50;"adidas|polo|textile";"Tennis Point FR";"Vêtement de tennis adidas Freelift Polo Hommes-Noir";65;"SportSystem";"Polo de tennis Adidas Polo homme Adidas Pro Freelift rouge fluo Open d'Australie Homme";70;"freelift";"";"pro";"edition: ? | melbourne";"différent";"Freelift ≠ Pro Freelift";
0.50;"adidas|polo|textile";"Tennis Point FR";"Vêtement de tennis adidas Freelift Polo Hommes-Noir";65;"SportSystem";"Polo de tennis Adidas Polo tennis Adidas Freelift Pro RG Homme";75;"freelift";"";"pro";"edition: ? | rg";"différent";"Freelift ≠ Pro Freelift";
0.50;"adidas|tshirt|textile";"Tennis Point FR";"Vêtement de tennis adidas Freelift Pro T-shirt Hommes - noir";65;"SportSystem";"T-shirt de tennis Adidas T-shirt Adidas Climacool Freelift Pro bleu royal, Fraîcheur et Liberté Homme";65;"freelift pro";"";"fraicheur liberte";"sous_gamme: ? | climacool";"différent";"Tennis Point FR = Open d'Australie 2026 (GTIN) ≠ Climacool Freelift Pro (KD7600)";
0.50;"adidas|tshirt|textile";"Tennis Point FR";"Vêtement de tennis adidas Freelift Pro T-shirt Hommes - noir";65;"SportSystem";"T-shirt de tennis Adidas Tee-shirt de tennis Adidas Freelift blanc Homme";60;"freelift";"pro";"";"";"différent";"Freelift Pro ≠ Freelift";
0.50;"adidas|tshirt|textile";"Tennis Point FR";"Vêtement de tennis adidas Freelift T-shirt Hommes-Pink";60;"SportSystem";"T-shirt de tennis Adidas Tee-shirt de tennis Adidas Freelift Pro Open d'Australie 2026 noir Homme";65;"freelift";"";"pro";"millesime: ? | 2026 ; edition: ? | melbourne";"différent";"Freelift ≠ Freelift Pro";
0.50;"adidas|short|textile";"Tennis Point FR";"Vêtement de tennis adidas Match 3in Shorts Femmes-Jaune";55;"Tennispro.fr";"Short de tennis Adidas Femme Match Tight Gameset";60;"match";"";"gameset";"longueur: 3 | ?";"différent";"Match Short ≠ Match Tight";
0.50;"adidas|jupe|textile";"Tennis Point FR";"Vêtement de tennis adidas Match Jupe Femmes-Lilas";60;"Tennispro.fr";"Jupe de tennis Adidas Femme Match Gameset";60;"match";"";"gameset";"";"proche";"Collection Gameset d'un seul côté";
0.50;"adidas|jupe|textile";"Tennis Point FR";"Vêtement de tennis adidas Match Jupe Femmes-Lilas";60;"Tennispro.fr";"Jupe de tennis Adidas Femme Match Gameset Euro Clay";60;"match";"";"gameset";"edition: ? | euro clay";"proche";"Collection Gameset et édition Euro Clay d'un seul côté";
0.50;"adidas|jupe|textile";"Tennis Point FR";"Vêtement de tennis adidas Print Pro Jupe Femmes-Vert Clair";65;"Tennispro.fr";"Jupe de tennis Adidas Femme Pro Londres";65;"pro";"print";"";"edition: ? | londres";"différent";"Print Pro ≠ Pro Londres";
0.50;"adidas|debardeur|textile";"Tennis Point FR";"Vêtement de tennis adidas Pro Débardeur tank top Femmes-orange";60;"Tennispro.fr";"Débardeur de tennis Adidas Femme Match Pro Miami";65;"pro";"";"match";"edition: ? | miami";"différent";"Pro ≠ Match Pro";
0.50;"adidas|debardeur|textile";"Tennis Point FR";"Vêtement de tennis adidas Pro Débardeur tank top Femmes-orange";60;"Tennispro.fr";"Débardeur de tennis Adidas Femme Match Pro Paris";65;"pro";"";"match";"edition: ? | paris";"différent";"Pro ≠ Match Pro";
0.50;"adidas|jupe|textile";"Tennis Point FR";"Vêtement de tennis adidas Pro Jupe Femmes-noir";65;"Tennispro.fr";"Jupe de tennis Adidas Femme Pro Athlete Londres";75;"pro";"";"athlete";"edition: ? | londres";"proche";"« Athlete » et édition d'un seul côté";
0.50;"adidas|jupe|textile";"Tennis Point FR";"Vêtement de tennis adidas Pro Jupe Femmes-noir";65;"Tennispro.fr";"Jupe de tennis Adidas Femme Pro Athlete Us Series";75;"pro";"";"athlete";"edition: ? | new york";"proche";"« Athlete » et édition d'un seul côté";
0.50;"adidas|debardeur|textile";"Tennis Point FR";"Vêtement de tennis adidas RG Cr Pro Débardeur tank top Femmes - blanc";65;"Tennispro.fr";"Débardeur de tennis Adidas Femme Pro Paris";65;"pro";"cr";"";"edition: rg | paris";"incertain";"RG = Paris (même tournoi) et même prix, mais « Cr » (crop) d'un seul côté";
0.50;"adidas|jupe|textile";"Tennis Point FR";"Vêtement de tennis adidas RG Pro Jupe Femmes - bleu foncé";65;"Tennispro.fr";"Jupe de tennis Adidas Femme Pro Athlete Londres";75;"pro";"";"athlete";"edition: rg | londres";"différent";"Éditions différentes RG / Londres";
0.50;"adidas|jupe|textile";"Tennis Point FR";"Vêtement de tennis adidas RG Pro Jupe Femmes - bleu foncé";65;"Tennispro.fr";"Jupe de tennis Adidas Femme Pro Athlete Us Series";75;"pro";"";"athlete";"edition: rg | new york";"différent";"Éditions différentes RG / New York";
0.50;"adidas|debardeur|textile";"Tennis Point FR";"Vêtement de tennis adidas Y- Débardeur tank top Femmes-orange";55;"Tennispro.fr";"Débardeur de tennis Adidas Femme Y-pro Londres";55;"y";"";"pro";"edition: ? | londres";"proche";"Édition d'un seul côté ; « Pro » d'un seul côté";
0.40;"head|tshirt|textile";"Head";"CLUB 25 TECH T-shirt femme";40;"Tennis Point FR";"Vêtement de tennis HEAD Club 22 T-shirt - bleu";45;"club";"tech";"";"genre: femme | ? ; millesime: 2025 | 2022";"proche";"Génération 25 / 22 ; genre d'un seul côté";
0.40;"head|tshirt|textile";"Head";"CLUB 25 TECH T-shirt homme";40;"Tennis Point FR";"Vêtement de tennis HEAD Club 22 T-shirt - bleu";45;"club";"tech";"";"genre: homme | ? ; millesime: 2025 | 2022";"proche";"Génération 25 / 22";
0.40;"adidas|debardeur|textile";"Tennispro.fr";"Débardeur de tennis Adidas Femme Match Pro Londres";50;"Tennis Point FR";"Vêtement de tennis adidas Pro Débardeur tank top Femmes-orange";60;"pro";"match";"";"edition: londres | ? ; prix d'origine 17 % d'écart";"différent";"Match Pro ≠ Pro";
0.40;"adidas|debardeur|textile";"Tennispro.fr";"Débardeur de tennis Adidas Femme Pro Paris";65;"Tennis Point FR";"Vêtement de tennis adidas 3D Pro Débardeur tank top Femmes - blanc";80;"pro";"";"3d";"edition: paris | ? ; prix d'origine 19 % d'écart";"différent";"3D Pro ≠ Pro ; prix 65 / 80";
0.40;"adidas|debardeur|textile";"Tennispro.fr";"Débardeur de tennis Adidas Femme Y-pro Londres";55;"Tennis Point FR";"Vêtement de tennis adidas Melbourne Y-Débardeur Tank Top Femmes-Bleu Foncé,Blanc";65;"y";"pro";"";"edition: londres | melbourne ; prix d'origine 15 % d'écart";"différent";"Éditions différentes Londres / Melbourne";
0.40;"head|short|textile";"Head";"POWER Short de tennis homme";60;"SportSystem";"Short de tennis Head Short de tennis Head Power dégradé Homme";75;"power";"";"degrade";"prix d'origine 20 % d'écart";"différent";"Références Head différentes 811255 / 811664 (Power dégradé)";
0.40;"adidas|polo|textile";"Tennispro.fr";"Polo de tennis Adidas Freelift Pro Auger-aliassime Melbourne";70;"Tennis Point FR";"Vêtement de tennis adidas Freelift Polo Hommes-Noir";65;"freelift";"pro";"";"genre: ? | homme ; edition: aliassime+melbourne | ?";"différent";"Freelift Pro ≠ Freelift";
0.40;"adidas|polo|textile";"Tennispro.fr";"Polo de tennis Adidas Pro Paris";70;"SportSystem";"Polo de tennis Adidas Polo homme Adidas Pro Freelift rouge fluo Open d'Australie Homme";70;"pro";"";"freelift";"genre: ? | homme ; edition: paris | melbourne";"différent";"Éditions différentes Paris / Melbourne";
0.40;"adidas|polo|textile";"Tennispro.fr";"Polo de tennis Adidas Pro Paris";70;"SportSystem";"Polo de tennis Adidas Polo tennis Adidas Freelift Pro RG Homme";75;"pro";"";"freelift";"genre: ? | homme ; edition: paris | rg";"incertain";"RG = Paris (même tournoi) ; « Freelift » d'un seul côté ; prix 70 / 75";
0.40;"adidas|short|textile";"Tennispro.fr";"Short de tennis Adidas Ergo Gameset 7in";55;"SportSystem";"Short de tennis Adidas Short Ergo 7 PrimeBlue US Open Homme";55;"ergo";"gameset";"";"genre: ? | homme ; edition: ? | new york";"différent";"Collection Gameset ≠ US Open";
0.40;"adidas|short|textile";"Tennispro.fr";"Short de tennis Adidas Ergo Gameset 7in";55;"SportSystem";"Short de tennis Adidas Short de tennis homme Adidas Ergo 7 bordeaux Zverev Open d'Australie Homme";55;"ergo";"gameset";"";"genre: ? | homme ; edition: ? | melbourne+zverev";"différent";"Collection Gameset ≠ Open d'Australie";
0.40;"adidas|short|textile";"Tennispro.fr";"Short de tennis Adidas Ergo Pro Paris";65;"Tennis Point FR";"Vêtement de tennis adidas Ergo 9Inch Shorts Hommes - blanc";65;"ergo";"pro";"";"genre: ? | homme ; longueur: ? | 9 ; edition: paris | ?";"proche";"Édition et longueur d'un seul côté";
0.40;"adidas|short|textile";"SportSystem";"Short de tennis Adidas Short Ergo Aeroready 7 Été Homme";50;"Tennispro.fr";"Short de tennis Adidas Ergo Gameset 7in";55;"ergo";"";"gameset";"genre: homme | ?";"proche";"Collection Gameset d'un seul côté ; H06793 = ancienne génération";
0.40;"adidas|short|textile";"SportSystem";"Short de tennis Adidas Short Ergo Aeroready Homme";50;"Tennispro.fr";"Short de tennis Adidas Ergo Gameset 7in";55;"ergo";"";"gameset";"genre: homme | ? ; longueur: ? | 7";"proche";"Collection Gameset d'un seul côté";
0.40;"adidas|short|textile";"SportSystem";"Short de tennis Adidas Short tennis Adidas Aeroready Club 23 Homme";40;"Tennis Point FR";"Vêtement de tennis adidas Club 2in1 7in Shorts Hommes-Bleu Foncé";50;"club";"";"2in1";"millesime: 2023 | ? ; longueur: ? | 7 ; prix d'origine 20 % d'écart";"différent";"Club 23 ≠ Club 2in1";
0.40;"head|short|textile";"SportSystem";"Short de tennis Head Short de tennis femme Head club blanc Femme";45;"Head";"CLUB ORIGINAL Short femme";35;"club";"";"original";"prix d'origine 22 % d'écart";"différent";"Références Head différentes 814379 / 814835 (Club Original)";
0.40;"nike|short|textile";"SportSystem";"Short de tennis Nike Short Rafa Nadal ADV 7 Slam Homme";70;"Tennis Point FR";"Vêtement de tennis Nike Jannik Sinner Court Dri-Fit Slam Shorts Hommes-vert olive";89.99;"slam";"advantage";"";"longueur: 7 | ? ; edition: nadal | sinner ; prix d'origine 22 % d'écart";"différent";"Nadal ≠ Sinner";
0.40;"adidas|tshirt|textile";"Tennispro.fr";"T-shirt de tennis Adidas Club Logo";35;"Tennis Point FR";"Vêtement de tennis adidas Club 3Stripes T-shirt Hommes - rouge, blanc";40;"club";"logo";"";"genre: ? | homme ; sous_gamme: ? | 3stripes";"différent";"Club Logo ≠ Club 3-Stripes";
0.40;"adidas|tshirt|textile";"Tennispro.fr";"T-shirt de tennis Adidas Freelift Pro Londres";60;"SportSystem";"T-shirt de tennis Adidas T-shirt Adidas Climacool Freelift Pro bleu royal, Fraîcheur et Liberté Homme";65;"freelift pro";"";"fraicheur liberte";"genre: ? | homme ; sous_gamme: ? | climacool ; edition: londres | ?";"différent";"Climacool Freelift Pro (KD7600) ≠ Freelift Pro Londres";
0.40;"adidas|tshirt|textile";"Tennispro.fr";"T-shirt de tennis Adidas Freelift Pro Londres";60;"SportSystem";"T-shirt de tennis Adidas Tee-shirt de tennis Adidas Freelift blanc Homme";60;"freelift";"pro";"";"genre: ? | homme ; edition: londres | ?";"différent";"Freelift ≠ Freelift Pro";
0.40;"adidas|tshirt|textile";"Tennispro.fr";"T-shirt de tennis Adidas Freelift Pro Londres";60;"Sport 2000";"Vêtement de tennis ADIDAS Tee-Shirt Tennis Femme FreeLift Femme";60;"freelift";"pro";"";"genre: ? | femme ; edition: londres | ?";"différent";"Freelift femme ≠ Freelift Pro homme";
0.40;"adidas|tshirt|textile";"Tennispro.fr";"T-shirt de tennis Adidas Freelift Pro Melbourne Zverev / Tsitsipas";65;"SportSystem";"T-shirt de tennis Adidas T-shirt Adidas Climacool Freelift Pro bleu royal, Fraîcheur et Liberté Homme";65;"freelift pro";"";"fraicheur liberte";"genre: ? | homme ; sous_gamme: ? | climacool ; edition: melbourne+tsitsipas+zverev | ?";"différent";"Climacool Freelift Pro ≠ Freelift Pro Melbourne";
0.40;"adidas|tshirt|textile";"Tennispro.fr";"T-shirt de tennis Adidas Freelift Pro Melbourne Zverev / Tsitsipas";65;"SportSystem";"T-shirt de tennis Adidas Tee-shirt de tennis Adidas Freelift blanc Homme";60;"freelift";"pro";"";"genre: ? | homme ; edition: melbourne+tsitsipas+zverev | ?";"différent";"Freelift ≠ Freelift Pro";
0.40;"adidas|tshirt|textile";"Tennispro.fr";"T-shirt de tennis Adidas Freelift Pro Melbourne Zverev / Tsitsipas";65;"Sport 2000";"Vêtement de tennis ADIDAS Tee-Shirt Tennis Femme FreeLift Femme";60;"freelift";"pro";"";"genre: ? | femme ; edition: melbourne+tsitsipas+zverev | ?";"différent";"Freelift femme ≠ Freelift Pro homme";
0.40;"adidas|tshirt|textile";"Tennispro.fr";"T-shirt de tennis Adidas Freelift Pro Tsitsipas / Aliassime Miami";65;"SportSystem";"T-shirt de tennis Adidas T-shirt Adidas Climacool Freelift Pro bleu royal, Fraîcheur et Liberté Homme";65;"freelift pro";"";"fraicheur liberte";"genre: ? | homme ; sous_gamme: ? | climacool ; edition: aliassime+miami+tsitsipas | ?";"différent";"Climacool Freelift Pro ≠ Freelift Pro Miami";
0.40;"adidas|tshirt|textile";"Tennispro.fr";"T-shirt de tennis Adidas Freelift Pro Tsitsipas / Aliassime Miami";65;"SportSystem";"T-shirt de tennis Adidas Tee-shirt de tennis Adidas Freelift blanc Homme";60;"freelift";"pro";"";"genre: ? | homme ; edition: aliassime+miami+tsitsipas | ?";"différent";"Freelift ≠ Freelift Pro";
0.40;"adidas|tshirt|textile";"Tennispro.fr";"T-shirt de tennis Adidas Freelift Pro Tsitsipas / Aliassime Miami";65;"Sport 2000";"Vêtement de tennis ADIDAS Tee-Shirt Tennis Femme FreeLift Femme";60;"freelift";"pro";"";"genre: ? | femme ; edition: aliassime+miami+tsitsipas | ?";"différent";"Freelift femme ≠ Freelift Pro homme";
0.40;"adidas|tshirt|textile";"SportSystem";"T-shirt de tennis Adidas T-shirt Adidas Climacool Freelift Pro bleu royal, Fraîcheur et Liberté Homme";65;"Tennispro.fr";"T-shirt de tennis Adidas Freelift Pro Melbourne Auger-aliassime";65;"freelift pro";"fraicheur liberte";"";"genre: homme | ? ; sous_gamme: climacool | ? ; edition: ? | aliassime+melbourne";"différent";"Climacool Freelift Pro ≠ Freelift Pro Melbourne";
0.40;"adidas|tshirt|textile";"SportSystem";"T-shirt de tennis Adidas Tee-shirt de tennis Adidas Freelift blanc Homme";60;"Tennispro.fr";"T-shirt de tennis Adidas Freelift Athlete Us Series / Turin";60;"freelift";"";"athlete";"genre: homme | ? ; edition: ? | new york+turin";"différent";"Freelift ≠ Freelift Athlete";
0.40;"adidas|tshirt|textile";"SportSystem";"T-shirt de tennis Adidas Tee-shirt de tennis Adidas Freelift blanc Homme";60;"Tennispro.fr";"T-shirt de tennis Adidas Freelift Gameset Zverev / Aliassime Euro Clay";60;"freelift";"";"gameset";"genre: homme | ? ; edition: ? | aliassime+euro clay+zverev";"différent";"Freelift ≠ Freelift Gameset Euro Clay";
0.40;"adidas|tshirt|textile";"SportSystem";"T-shirt de tennis Adidas Tee-shirt de tennis Adidas Freelift blanc Homme";60;"Tennispro.fr";"T-shirt de tennis Adidas Freelift Pro Melbourne Auger-aliassime";65;"freelift";"";"pro";"genre: homme | ? ; edition: ? | aliassime+melbourne";"différent";"Freelift ≠ Freelift Pro";
0.40;"adidas|tshirt|textile";"SportSystem";"T-shirt de tennis Adidas Tee-shirt tennis femme Club Femme";40;"Tennispro.fr";"T-shirt de tennis Adidas Club Logo";35;"club";"";"logo";"genre: femme | ?";"différent";"Club femme ≠ Club Logo";
0.40;"babolat|tshirt|textile";"SportSystem";"T-shirt de tennis Babolat Tee-shirt tennis Babolat Exercise Homme";25;"Babolat";"Vêtement de tennis Babolat Exercise Graphic Tee Homme";35;"exercise";"";"graphic";"prix d'origine 29 % d'écart";"différent";"Références Babolat différentes 4MP2441 / 4MTF017";
0.40;"head|tshirt|textile";"SportSystem";"T-shirt de tennis Head Tee-shirt de tennis Head club 22 bleu royal Homme";40;"Head";"CLUB ORIGINAL T-shirt homme";30;"club";"";"original";"millesime: 2022 | ? ; prix d'origine 25 % d'écart";"différent";"Références Head différentes 811431 / 811855 (Club Original)";
0.40;"head|tshirt|textile";"SportSystem";"T-shirt de tennis Head Tee-shirt de tennis femme Head Club Tech blanc Femme";40;"Tennis Point FR";"Vêtement de tennis HEAD Club 22 T-shirt - bleu";45;"club";"tech";"";"genre: femme | ? ; millesime: ? | 2022";"différent";"T-shirt femme Club Tech ≠ T-shirt homme Club 22";
0.40;"tecnifibre|tshirt|textile";"Tecnifibre";"T-shirt de tennis Tecnifibre Team Tank-top Silver Femme";50;"Tennis Point FR";"Vêtement de tennis Tecnifibre Team Tech T-shirt Femmes-Rouge Foncé";40;"team";"";"tech";"prix d'origine 20 % d'écart";"différent";"Débardeur (Tank-top, mal classé en t-shirt) ≠ T-shirt";
0.40;"adidas|tshirt|textile";"Sport 2000";"Vêtement de tennis ADIDAS Tee-Shirt Tennis Femme FreeLift Femme";60;"Tennispro.fr";"T-shirt de tennis Adidas Freelift Athlete Us Series / Turin";60;"freelift";"";"athlete";"genre: femme | ? ; edition: ? | new york+turin";"différent";"Freelift ≠ Freelift Athlete";
0.40;"adidas|tshirt|textile";"Sport 2000";"Vêtement de tennis ADIDAS Tee-Shirt Tennis Femme FreeLift Femme";60;"Tennispro.fr";"T-shirt de tennis Adidas Freelift Gameset Zverev / Aliassime Euro Clay";60;"freelift";"";"gameset";"genre: femme | ? ; edition: ? | aliassime+euro clay+zverev";"différent";"Freelift ≠ Freelift Gameset";
0.40;"adidas|tshirt|textile";"Sport 2000";"Vêtement de tennis ADIDAS Tee-Shirt Tennis Femme FreeLift Femme";60;"Tennispro.fr";"T-shirt de tennis Adidas Freelift Pro Melbourne Auger-aliassime";65;"freelift";"";"pro";"genre: femme | ? ; edition: ? | aliassime+melbourne";"différent";"Freelift femme ≠ Freelift Pro";
0.40;"head|short|textile";"Tennis Point FR";"Vêtement de tennis HEAD Club Ann Shorts Femmes - gris clair";35;"SportSystem";"Short de tennis Head Short de tennis femme Head club blanc Femme";45;"club";"ann";"";"prix d'origine 22 % d'écart";"identique?";"« Club Ann » est le nom Head du short Club femme (814379) ; prix 35 / 45 : à confirmer";
0.40;"nike|short|textile";"Tennis Point FR";"Vêtement de tennis Nike Carlos Alcaraz Court Dri-Fit Slam Shorts Hommes-vert clair, vert";89.99;"SportSystem";"Short de tennis Nike Short Rafa Nadal ADV 7 Slam Homme";70;"slam";"";"advantage";"longueur: ? | 7 ; edition: alcaraz | nadal ; prix d'origine 22 % d'écart";"différent";"Alcaraz Slam ≠ Nadal ADV Slam";
0.40;"nike|short|textile";"Tennis Point FR";"Vêtement de tennis Nike Court Dri-Fit Slam Shorts Hommes - vert gris, noir";89.99;"SportSystem";"Short de tennis Nike Short Rafa Nadal ADV 7 Slam Homme";70;"slam";"";"advantage";"longueur: ? | 7 ; edition: ? | nadal ; prix d'origine 22 % d'écart";"différent";"Slam ≠ Nadal ADV Slam";
0.40;"adidas|tshirt|textile";"Tennis Point FR";"Vêtement de tennis adidas Club T-shirt Hommes - bleu foncé";35;"Tennispro.fr";"T-shirt de tennis Adidas Club Logo";35;"club";"";"logo";"genre: homme | ?";"proche";"« Logo » d'un seul côté";
0.40;"adidas|short|textile";"Tennis Point FR";"Vêtement de tennis adidas D4T 2in1 Shorts Hommes-noir";65;"Tennispro.fr";"Short de tennis Adidas 2in1 Zverev";75;"2in1";"d4t";"";"genre: homme | ? ; edition: ? | zverev";"différent";"D4T 2in1 ≠ 2in1 Zverev";
0.40;"adidas|tshirt|textile";"Tennis Point FR";"Vêtement de tennis adidas Freelift Mesh Pro T-shirt Hommes-Rouge";70;"SportSystem";"T-shirt de tennis Adidas T-shirt Adidas Climacool Freelift Pro bleu royal, Fraîcheur et Liberté Homme";65;"freelift pro";"mesh";"fraicheur liberte";"sous_gamme: ? | climacool";"différent";"Freelift Mesh Pro ≠ Climacool Freelift Pro";
0.40;"adidas|polo|textile";"Tennis Point FR";"Vêtement de tennis adidas Freelift Polo Hommes-Noir";65;"Tennispro.fr";"Polo de tennis Adidas Freelift Gameset";65;"freelift";"";"gameset";"genre: homme | ?";"proche";"Collection Gameset d'un seul côté";
0.40;"adidas|polo|textile";"Tennis Point FR";"Vêtement de tennis adidas Freelift Polo Hommes-Noir";65;"Tennispro.fr";"Polo de tennis Adidas Freelift Pro Londres";65;"freelift";"";"pro";"genre: homme | ? ; edition: ? | londres";"différent";"Freelift ≠ Freelift Pro";
0.40;"adidas|polo|textile";"Tennis Point FR";"Vêtement de tennis adidas Freelift Pro Polo Hommes - bleu";70;"Tennispro.fr";"Polo de tennis Adidas Pro Paris";70;"pro";"freelift";"";"genre: homme | ? ; edition: ? | paris";"différent";"Freelift Pro ≠ Pro Polo";
0.40;"adidas|debardeur|textile";"Tennis Point FR";"Vêtement de tennis adidas Match Pro Débardeur tank top Femmes - blanc";50;"Tennispro.fr";"Débardeur de tennis Adidas Femme Pro Paris";65;"pro";"match";"";"edition: ? | paris ; prix d'origine 23 % d'écart";"différent";"Match Pro ≠ Pro";
0.40;"adidas|debardeur|textile";"Tennis Point FR";"Vêtement de tennis adidas New York Y Débardeur Tank Top Femmes-Beige,Orange";75;"Tennispro.fr";"Débardeur de tennis Adidas Femme Y-pro Londres";55;"y";"";"pro";"edition: new york | londres ; prix d'origine 27 % d'écart";"différent";"Éditions différentes New York / Londres";
0.40;"adidas|debardeur|textile";"Tennis Point FR";"Vêtement de tennis adidas Paris Y-Débardeur Tank Top Femmes-Gris Foncé";65;"Tennispro.fr";"Débardeur de tennis Adidas Femme Y-pro Londres";55;"y";"";"pro";"edition: paris | londres ; prix d'origine 15 % d'écart";"différent";"Éditions différentes Paris / Londres";
0.40;"adidas|polo|textile";"Tennis Point FR";"Vêtement de tennis adidas Pro Polo -blanc";75;"SportSystem";"Polo de tennis Adidas Polo homme Adidas Pro Freelift rouge fluo Open d'Australie Homme";70;"pro";"";"freelift";"genre: ? | homme ; edition: ? | melbourne";"différent";"Pro Polo ≠ Pro Freelift";
0.40;"adidas|polo|textile";"Tennis Point FR";"Vêtement de tennis adidas Pro Polo -blanc";75;"SportSystem";"Polo de tennis Adidas Polo tennis Adidas Freelift Pro RG Homme";75;"pro";"";"freelift";"genre: ? | homme ; edition: ? | rg";"différent";"Pro Polo ≠ Pro Freelift";
0.40;"adidas|short|textile";"Tennis Point FR";"Vêtement de tennis adidas Pro Shorts Femmes - blanc";55;"Tennispro.fr";"Short de tennis Adidas Pro Femme Athlete New York";65;"pro";"";"athlete";"edition: ? | new york ; prix d'origine 15 % d'écart";"proche";"« Athlete » et édition d'un seul côté";