n;categorie;marchand;statut;methode;prix_origine;prix;reference;gtin;titre;url;proposition_claude;note;decision_mathieu
"1";"textile";"SportSystem";"active";"reference";"70.00";"30.00";"DV2881-100-126";"";"Short de tennis Nike Short Rafa Nadal ADV 7 Slam Homme";"https://www.sportsystem.fr/vetements-tennis-nike/short-rafa-nadal-adv-7-slam-2024-114872.html#/66-taille-xs/105-couleur-blanc";"identique";"même référence de style DV2881-100";"identique"
"1";"textile";"Sport 2000";"active";"reference";"69.99";"48.99";"DV2881-100";"0196604318129";"Vêtement de tennis NIKE Short Homme RAFA MNK DFADV SHORT 7IN Blanc Homme";"https://www.sport2000.fr/products/dv2881-100-sport2000";"";"";""
"2";"chaussures";"Head";"tracked";"signature";"110.00";"110.00";"273456";"";"HEAD Sprint Team 4.0 Clay Chaussures de tennis hommes Homme";"https://www.head.com/fr_FR/product/sprint-team-4-0-clay-men-cwdg-273456";"identique";"titres concordants (Head 273456)";"identique"
"2";"chaussures";"Tennis Point FR";"active";"signature";"110.00";"63.95";"P000000423100101";"0198772059071";"Chaussures de tennis HEAD Sprint Team 4.0 Chaussure terre battue Hommes-bleu foncé, vert clair";"https://www.tennis-point.fr/products/head-sprint-team-40-chaussure-terre-battue-hommes-bleu-fonce-vert-clair-p0000004231001";"";"";""
"3";"chaussures";"Head";"tracked";"signature";"160.00";"160.00";"273236";"";"HEAD Revolt Pro 5.0 Clay Chaussures de tennis hommes Homme";"https://www.head.com/fr_FR/product/revolt-pro-5-0-clay-men-rddr-273236";"identique";"titres concordants (Head 273236), deux coloris TPF";"identique"
"3";"chaussures";"Tennis Point FR";"active";"signature";"160.00";"84.95";"P000000423030101";"0198772057794";"Chaussures de tennis HEAD Revolt Pro 5.0 Chaussure terre battue Hommes-blanc, bleu foncé";"https://www.tennis-point.fr/products/head-revolt-pro-50-chaussure-terre-battue-hommes-blanc-bleu-fonce-p0000004230301";"";"";""
"3";"chaussures";"Tennis Point FR";"active";"signature";"160.00";"94.95";"P000000423110102";"0198772070274";"Chaussures de tennis HEAD Revolt Pro 5.0 Chaussure terre battue Hommes-bleu foncé, turquoise";"https://www.tennis-point.fr/products/head-revolt-pro-50-chaussure-terre-battue-hommes-bleu-fonce-turquoise-p0000004231101";"";"";""
"4";"raquettes";"Head";"tracked";"reference";"230.00";"230.00";"232426";"";"HEAD Boom MP UL Alternate Raquette de tennis";"https://www.head.com/fr_FR/product/boom-mp-ul-alternate-2026-232426";"identique";"même référence 232426";"identique"
"4";"raquettes";"Tennispro.fr";"active";"reference";"220.00";"149.00";"232426";"";"Raquette de tennis Head Boom Mp Ul Alternate (255 Gr)";"https://www.tennispro.fr/raquette-head-boom-mp-ul-alternate-255-gr-839021.html";"";"";""
"5";"cordages";"Tennispro.fr";"active";"signature";"100.00";"69.90";"886369";"";"Bobine de cordage de tennis Head Sonic Pro (200 Metres)";"https://www.tennispro.fr/bobine-head-sonic-pro-200-metres-886369.html";"identique";"jauge = variante de fiche (SportSystem, D-2026-09-30-09)";"identique"
"5";"cordages";"Tennispro.fr";"active";"signature";"100.00";"64.90";"886371";"";"Bobine de cordage de tennis Head Sonic Pro (200 Metres)";"https://www.tennispro.fr/bobine-head-sonic-pro-200-metres-886371.html";"";"";""
"5";"cordages";"SportSystem";"active";"signature";"100.00";"69.90";"281128";"";"Cordage de tennis Head Sonic Pro (200m)";"https://www.sportsystem.fr/cordage-controle-resistance/head-sonic-pro-200m-37.html#/5-jauge-130_mm/104-couleur-noir";"";"";""
"5";"cordages";"Head";"tracked";"signature";"100.00";"100.00";"6";"";"HEAD Sonic Pro™ 200m bobine de cordage de tennis";"https://www.head.com/fr_FR/product/sonic-protm-reel-6";"";"";""
"6";"textile";"Tennis Point FR";"active";"signature";"40.00";"13.95";"0054621778000048";"";"Vêtement de tennis adidas Club Jupe Femmes-Blanc";"https://www.tennis-point.fr/products/adidas-club-jupe-femmes-blanc-00546217780000";"faux";"deux jupes Club différentes chez Tennis Point FR : 100 % polyester Aeroready (13,95 €) et 90 % polyester / 10 % élasthanne (27,95 €), fiches lues le 2026-09-30 ; génération textile non écrite";"faux"
"6";"textile";"SportSystem";"active";"signature";"45.00";"29.25";"HS1456-HS1455";"4066746002445";"Jupe de tennis Adidas Jupe de tennis femme Adidas Club Femme";"https://www.sportsystem.fr/vetements-femme-adidas/jupe-de-tennis-femme-adidas-club-118236.html#/67-taille-s/116-couleur-bleu";"";"";""
"6";"textile";"Tennis Point FR";"active";"signature";"40.00";"27.95";"0054751976900048";"";"Vêtement de tennis adidas Club Jupe Femmes - blanc";"https://www.tennis-point.fr/products/adidas-club-jupe-femmes-blanc-00547519769000";"";"";""
"6";"textile";"Tennispro.fr";"active";"signature";"40.00";"27.97";"748337";"";"Jupe de tennis Adidas Femme Club";"https://www.tennispro.fr/jupe-adidas-femme-club-748337.html";"";"";""
"7";"accessoires";"Tennispro.fr";"active";"reference";"69.99";"48.97";"40TOURIGBP";"";"Sac à dos de tennis Tecnifibre Tour Endurance Ig";"https://www.tennispro.fr/sac-a-dos-tecnifibre-tour-endurance-ig-855705.html";"identique";"même référence 40TOURIGBP";"identique"
"7";"accessoires";"SportSystem";"active";"reference";"69.99";"39.00";"40TOURIGBP";"";"Sac à dos de tennis Tecnifibre Sac à dos Tecnifibre Tour Endurance Backpack IG – Polyvalence et Style";"https://www.sportsystem.fr/sac-de-tennis-tecnifibre/sac-a-dos-tecnifibre-tour-endurance-backpack-ig-polyvalence-et-style-159879.html";"";"";""
"8";"raquettes";"Tennispro.fr";"active";"reference";"169.95";"115.00";"102548";"";"Raquette de tennis Babolat Evo Drive Lite White (255 Gr) (cordee)";"https://www.tennispro.fr/raquette-babolat-evo-drive-lite-white-255-gr-cordee-798330.html";"a_confirmer";"références communes ; « White » = coloris ? ; cordée et non cordée dans le même modèle";"identique"
"8";"raquettes";"Babolat";"tracked";"reference";"169.95";"169.95";"102548";"";"Raquette de tennis Babolat Evo Drive Lite White Gen2 Cordée";"https://www.babolat.com/fr/evo-drive-lite-white-gen2-cordee/102548.html";"";"";""
"8";"raquettes";"Babolat";"tracked";"signature";"169.95";"169.95";"102547";"";"Raquette de tennis Babolat Evo Drive Lite Gen2 Cordée";"https://www.babolat.com/fr/evo-drive-lite-gen2-cordee/102547.html";"";"";""
"8";"raquettes";"Babolat";"tracked";"reference";"159.95";"159.95";"101547";"";"Raquette de tennis Babolat Evo Drive Lite Gen2 Non cordée";"https://www.babolat.com/fr/evo-drive-lite-gen2-non-cordee/101547.html";"";"";""
"8";"raquettes";"Babolat";"tracked";"signature";"159.95";"159.95";"101548";"";"Raquette de tennis Babolat Evo Drive Lite White Gen2 Non cordée";"https://www.babolat.com/fr/evo-drive-lite-white-gen2-non-cordee/101548.html";"";"";""
"8";"raquettes";"Tennispro.fr";"active";"reference";"159.95";"105.00";"101547";"";"Raquette de tennis Babolat Evo Drive Lite (255 Gr)";"https://www.tennispro.fr/raquette-babolat-evo-drive-lite-255-gr-737624.html";"";"";""
"9";"chaussures";"SportSystem";"active";"signature";"150.00";"134.95";"51F005-52C";"";"Chaussures de tennis Lacoste Lacoste AG-LT Ultra Clay bleu lavande - Chaussure de tennis femme terre battue Femme";"https://www.sportsystem.fr/chaussures-tennis-femme-lacoste/lacoste-ag-lt-ultra-clay-bleu-lavande-chaussure-de-tennis-femme-terre-battue-156310.html#/116-couleur-bleu/899-pointures-355";"identique";"AG-LT23 Ultra (R4.5-c)";"identique"
"9";"chaussures";"Tennis Point FR";"active";"signature";"150.00";"89.95";"P000000414090101";"5059862757206";"Chaussures de tennis Lacoste AG-LT Ultra Chaussure terre battue Femmes - bleu clair, bleu";"https://www.tennis-point.fr/products/lacoste-ag-lt-ultra-chaussure-terre-battue-femmes-bleu-clair-bleu-p0000004140901";"";"";""
"10";"chaussures";"Tennispro.fr";"active";"signature";"90.00";"62.97";"KI3443";"";"Chaussures de tennis Adidas Femme Courtjam Control 3 Terre Battue";"https://www.tennispro.fr/chaussures-adidas-femme-courtjam-control-3-terre-battue-812700.html";"identique";"coloris différents (KI3443, JS2894)";"identique"
"10";"chaussures";"SportSystem";"active";"signature";"90.00";"49.95";"JS2894";"4067904409731";"Chaussures de tennis Adidas Adidas Courtjam Control 3 Clay femme blanc Femme";"https://www.sportsystem.fr/chaussures-tennis-femme/adidas-courtjam-control-3-clay-femme-blanc-146940.html#/105-couleur-blanc/910-pointures-37_1_3";"";"";""
"10";"chaussures";"Tennis Point FR";"active";"signature";"90.00";"59.95";"0051750636700050";"4067904413400";"Chaussures de tennis adidas CourtJam Control 3 Chaussure terre battue Femmes - blanc, argent";"https://www.tennis-point.fr/products/adidas-courtjam-control-3-chaussure-terre-battue-femmes-blanc-argent-00517506367000";"";"";""
"11";"chaussures";"Sport 2000";"active";"reference";"65.00";"45.50";"3K2S25A478-4035";"3324922237151";"Chaussures de tennis BABOLAT Enfant PROPULSE JUNIOR 3 AC BOY Bleu Junior Garçon";"https://www.sport2000.fr/products/3k2s25a478-4035-sport2000";"a_confirmer";"Boy et Girl réunis (genre = variante chez les enfants ?) ; saisons 2025 (3K2S25) et 2026 (F26) ; Sport 2000 nomme la S25 « Junior 3 »";"identique"
"11";"chaussures";"Babolat";"tracked";"signature";"65.00";"65.00";"32JF26478A";"";"Chaussures de tennis Babolat Propulse Junior 3 All Court";"https://www.babolat.com/fr/propulse-junior-3-all-court/32JF26478A.html";"";"";""
"11";"chaussures";"Babolat";"tracked";"signature";"65.00";"65.00";"33KF26884A";"";"Chaussures de tennis Babolat Propulse Junior 3 All Court";"https://www.babolat.com/fr/propulse-junior-3-all-court/33KF26884A.html";"";"";""
"11";"chaussures";"Babolat";"tracked";"reference";"65.00";"65.00";"3K2S25A478";"";"Chaussures de tennis Babolat Propulse Junior All Court Boy";"https://www.babolat.com/fr/propulse-junior-all-court-boy/3K2S25A478.html";"";"";""
"11";"chaussures";"Babolat";"tracked";"signature";"65.00";"65.00";"32KF26478A";"";"Chaussures de tennis Babolat Propulse Junior 3 All Court";"https://www.babolat.com/fr/propulse-junior-3-all-court/32KF26478A.html";"";"";""
"11";"chaussures";"Babolat";"tracked";"signature";"65.00";"65.00";"33JF26884A";"";"Chaussures de tennis Babolat Propulse Junior 3 All Court";"https://www.babolat.com/fr/propulse-junior-3-all-court/33JF26884A.html";"";"";""
"12";"textile";"Sport 2000";"active";"reference";"40.00";"28.00";"JG0994";"4067903590737";"Vêtement de tennis ADIDAS Short Homme Club Homme";"https://www.sport2000.fr/products/jg0994-sport2000";"faux";"pont par référence : Sport 2000 « Short Homme Club » (JG0994, Climacool 2025) relie les shorts Club SW Aeroready 2021 (GL5409, GH7222) ; déjà signalé « incohérent » dans conflits.csv";"faux"
"12";"textile";"SportSystem";"active";"signature";"45.00";"39.95";"GL5409";"";"Short de tennis Adidas Short Club SW Aeroready Homme";"https://www.sportsystem.fr/vetements-adidas/short-club-sw-aeroready-93949.html#/67-taille-s/104-couleur-noir";"";"";""
"12";"textile";"SportSystem";"active";"signature";"45.00";"27.00";"GH7222";"";"Short de tennis Adidas Short tennis SW Club Homme";"https://www.sportsystem.fr/vetements-adidas/short-tennis-sw-club-108440.html#/68-taille-m/105-couleur-blanc";"";"";""
"12";"textile";"SportSystem";"active";"reference";"40.00";"35.95";"JG0994";"4067903590768";"Short de tennis Adidas Short de tennis homme Adidas SW Stretch Woven Climacool noir Homme";"https://www.sportsystem.fr/vetements-adidas/short-de-tennis-homme-adidas-sw-stretch-woven-climacool-noir-147613.html#/67-taille-s/104-couleur-noir";"";"";""
"13";"raquettes";"SportSystem";"active";"reference";"249.95";"193.00";"101572";"3324922286593";"Raquette de tennis Babolat Babolat Pure Aero Lite Gén 9 2026";"https://www.sportsystem.fr/gamme-babolat-pure-aero/babolat-pure-aero-lite-gen-9-2026-156304.html#/13-taille_de_manche-1_4_1_8";"identique";"même référence 101572 ; cordée / non cordée";"identique"
"13";"raquettes";"Babolat";"tracked";"reference";"249.95";"249.95";"101572";"";"Raquette de tennis Babolat Pure Aero Lite Gen9 Non Cordée";"https://www.babolat.com/fr/pure-aero-lite-gen9-non-cordee/101572.html";"";"";""
"13";"raquettes";"Babolat";"tracked";"signature";"259.95";"259.95";"102572";"";"Raquette de tennis Babolat Pure Aero Lite Gen9 Cordée";"https://www.babolat.com/fr/pure-aero-lite-gen9-cordee/102572.html";"";"";""
"14";"raquettes";"Babolat";"tracked";"reference";"599.95";"599.95";"101575";"";"Raquette de tennis Babolat Pure Strike 97 x2 Gen4 Non cordée";"https://www.babolat.com/fr/pure-strike-97-x2-gen4-non-cordee/101575.html";"identique";"même référence 101575 (lot de 2)";"identique"
"14";"raquettes";"Tennispro.fr";"active";"reference";"599.95";"323.95";"101575";"";"Pack de raquettes de tennis Babolat Pure Strike 97 (310 Gr)";"https://www.tennispro.fr/pack-de-2-raquettes-babolat-pure-strike-97-310-gr-786564.html";"";"";""
"15";"chaussures";"Tennis Point FR";"active";"signature";"130.00";"75.95";"0051760686800015";"4068816980639";"Chaussures de tennis adidas Solematch Control 2 Chaussure terre battue Hommes - blanc, noir";"https://www.tennis-point.fr/products/adidas-solematch-control-2-chaussure-terre-battue-hommes-blanc-noir-00517606868000";"identique";"IG1679 = SoleMatch Control 2 M Clay (vérifié), KI3737 autre coloris";"identique"
"15";"chaussures";"Tennispro.fr";"active";"reference";"130.00";"85.97";"KI3737";"";"Chaussures de tennis Adidas Solematch Control 2 Terre Battue";"https://www.tennispro.fr/chaussures-adidas-solematch-control-2-terre-battue-811435.html";"";"";""
"15";"chaussures";"SportSystem";"active";"reference";"130.00";"91.00";"KI3737";"";"Chaussures de tennis Adidas Adidas SoleMatch Control 2 Clay : Maîtrise et Stabilité sur Terre Battue Homme";"https://www.sportsystem.fr/chaussures-homme-adidas/adidas-solematch-control-2-clay-maitrise-et-stabilite-sur-terre-battue-160128.html#/105-couleur-blanc/925-pointures-40";"";"";""
"15";"chaussures";"Tennispro.fr";"active";"signature";"130.00";"85.97";"IG1679";"";"Chaussures de tennis Adidas Solematch Control 2 Terre Battue";"https://www.tennispro.fr/chaussures-adidas-solematch-control-2-terre-battue-741203.html";"";"";""
"16";"textile";"SportSystem";"active";"reference";"45.00";"36.00";"811379-BK";"";"Short de tennis Head Short de tennis Head club 22 noir Homme";"https://www.sportsystem.fr/vetements-homme-head/short-de-tennis-head-club-22-noir-130160.html#/67-taille-s/104-couleur-noir";"identique";"même référence 811379";"identique"
"16";"textile";"SportSystem";"active";"signature";"45.00";"36.00";"911379-811379-WH";"";"Short de tennis Head Short de tennis Head club blanc Homme";"https://www.sportsystem.fr/vetements-homme-head/short-de-tennis-head-club-blanc-130154.html#/69-taille-l/105-couleur-blanc";"";"";""
"16";"textile";"SportSystem";"active";"reference";"45.00";"36.00";"811379-AN";"";"Short de tennis Head Short de tennis Head club 22 gris foncé Homme";"https://www.sportsystem.fr/vetements-homme-head/short-de-tennis-head-club-22-gris-fonce-130157.html#/69-taille-l/1623-couleur-gris_fonce";"";"";""
"16";"textile";"Head";"tracked";"reference";"45.00";"45.00";"811379";"";"CLUB Short homme";"https://www.head.com/fr_FR/product/club-shorts-men-811379";"";"";""
"17";"chaussures";"Tennispro.fr";"active";"signature";"160.00";"105.97";"JR4445";"";"Chaussures de tennis Adidas Femme Barricade 14 Terre Battue";"https://www.tennispro.fr/chaussures-adidas-femme-barricade-14-terre-battue-812730.html";"identique";"titres concordants";"identique"
"17";"chaussures";"Tennis Point FR";"active";"signature";"160.00";"104.95";"0051760679400050";"4068812316661";"Chaussures de tennis adidas Barricade 14 Chaussure terre battue Femmes - gris clair, bleu clair";"https://www.tennis-point.fr/products/adidas-barricade-14-chaussure-terre-battue-femmes-gris-clair-bleu-clair-00517606794000";"";"";""
"18";"chaussures";"Sport 2000";"active";"signature";"150.00";"97.50";"30S23208-3027";"3324922051221";"Chaussures de tennis BABOLAT Homme PROPULSE FURY 3 AC M Gris Homme";"https://www.sport2000.fr/products/30s23208-3027-sport2000";"identique";"même code 208, saisons 2023 et 2026 (coloris)";"identique"
"18";"chaussures";"Babolat";"tracked";"signature";"150.00";"150.00";"30S26208B";"";"Chaussures de tennis Babolat Propulse Fury 3 All Court Men";"https://www.babolat.com/fr/propulse-fury-3-all-court-men/30S26208B.html";"";"";""
"18";"chaussures";"Babolat";"tracked";"signature";"150.00";"150.00";"30S26208C";"";"Chaussures de tennis Babolat Propulse Fury 3 All Court Men";"https://www.babolat.com/fr/propulse-fury-3-all-court-men/30S26208C.html";"";"";""
"19";"raquettes";"Tennispro.fr";"active";"reference";"230.00";"144.00";"231035";"";"Raquette de tennis Head Radical Team L (260 Gr)";"https://www.tennispro.fr/raquette-head-radical-team-l-260-gr-801962.html";"identique";"même référence 231035";"identique"
"19";"raquettes";"Head";"tracked";"reference";"230.00";"230.00";"231035";"";"HEAD Radical TEAM L Raquette de tennis";"https://www.head.com/fr_FR/product/radical-team-l-2025-231035";"";"";""
"19";"raquettes";"SportSystem";"active";"reference";"230.00";"149.95";"231035";"";"Raquette de tennis Head Head Radical Team L 2025 - Raquette de tennis légère et polyvalente";"https://www.sportsystem.fr/head-radical/head-radical-team-l-2025-raquette-de-tennis-legere-et-polyvalente-148535.html#/13-taille_de_manche-1_4_1_8";"";"";""
"20";"textile";"SportSystem";"active";"signature";"65.00";"32.50";"DC0621-638";"0196150575083";"Pantalon de tennis Nike Pantalon Nike Court Heritage bordeaux Homme";"https://www.sportsystem.fr/vetements-tennis-nike/pantalon-nike-court-heritage-bordeaux-109825.html#/69-taille-l/2102-couleur-bordeaux_rouge";"a_confirmer";"SportSystem DC0621 (pantalon « suit » Heritage) ; Tennis Point FR sans référence, pantalon survêtement Dri-FIT à zips ; Nike vend aussi FZ6928 « Court Heritage »";"identique"
"20";"textile";"Tennis Point FR";"active";"signature";"64.99";"51.95";"A000000305200104";"";"Vêtement de tennis Nike Court Heritage Pantalon survêtement Hommes-crème, orange";"https://www.tennis-point.fr/products/nike-court-heritage-pantalon-survetement-hommes-creme-orange-a0000003052001";"";"";""
"21";"cordages";"Tennispro.fr";"active";"reference";"319.95";"192.20";"243110-128";"";"Bobine de cordage de tennis Babolat Xcel (200 Metres)";"https://www.tennispro.fr/bobine-babolat-xcel-200-metres-885813.html";"identique";"même référence 243110 ; jauge = variante";"identique"
"21";"cordages";"Tennispro.fr";"active";"reference";"319.95";"180.90";"243110-104";"";"Bobine de cordage de tennis Babolat Xcel (200 Metres)";"https://www.tennispro.fr/bobine-babolat-xcel-200-metres-885819.html";"";"";""
"21";"cordages";"Tennispro.fr";"active";"reference";"319.95";"175.00";"243110-136";"";"Bobine de cordage de tennis Babolat Xcel (200 Metres)";"https://www.tennispro.fr/bobine-babolat-xcel-200-metres-885815.html";"";"";""
"21";"cordages";"Tennispro.fr";"active";"reference";"319.95";"175.00";"243110-105";"";"Bobine de cordage de tennis Babolat Xcel (200 Metres)";"https://www.tennispro.fr/bobine-babolat-xcel-200-metres-885817.html";"";"";""
"21";"cordages";"SportSystem";"active";"reference";"319.95";"189.95";"243110";"";"Bobine de cordage de tennis Babolat Babolat Xcel noir en bobine de 200m";"https://www.sportsystem.fr/cordage-confort-puissance/babolat-xcel-noir-en-bobine-de-200m-151048.html#/7-jauge-135_mm/104-couleur-noir";"";"";""
"21";"cordages";"Babolat";"tracked";"reference";"319.95";"319.95";"243110";"";"Cordage de tennis Babolat Xcel 200M";"https://www.babolat.com/fr/xcel-200m/243110.html";"";"";""
"21";"cordages";"SportSystem";"active";"reference";"319.95";"219.95";"243110";"";"Bobine de cordage de tennis Babolat Bobine Cordage Babolat Xcel : Le Confort Absolu et la Puissance Durable";"https://www.sportsystem.fr/cordage-confort-puissance/bobine-cordage-babolat-xcel-le-confort-absolu-et-la-puissance-durable-21.html#/2-jauge-125_mm/116-couleur-bleu";"";"";""
"22";"raquettes";"Babolat";"tracked";"reference";"269.95";"269.95";"101578";"";"Raquette de tennis Babolat Pure Strike 98 18/20 Gen4 Non cordée";"https://www.babolat.com/fr/pure-strike-98-18-20-gen4-non-cordee/101578.html";"identique";"même référence 101578";"identique"
"22";"raquettes";"Tennispro.fr";"active";"reference";"269.95";"161.00";"101578";"";"Raquette de tennis Babolat Pure Strike 98 18/20 (305 Gr)";"https://www.tennispro.fr/raquette-babolat-pure-strike-98-18-20-305-gr-786566.html";"";"";""
"23";"chaussures";"Tennis Point FR";"active";"signature";"130.00";"99.95";"P000000413050212";"";"Chaussures de tennis Wilson Intrigue Pro Chaussure terre battue Femmes - blanc, rosé";"https://www.tennis-point.fr/products/wilson-intrigue-pro-chaussure-terre-battue-femmes-blanc-rose-p0000004130502";"identique";"titres concordants, coloris";"identique"
"23";"chaussures";"SportSystem";"active";"signature";"130.00";"50.00";"WRS335050";"";"Chaussures de tennis Wilson Wilson Intrigue Pro Clay - Chaussure de tennis femme terre battue bordeaux Femme";"https://www.sportsystem.fr/chaussures-tennis-femme/wilson-intrigue-pro-clay-chaussure-de-tennis-femme-terre-battue-bordeaux-149316.html#/722-couleur-bordeaux/932-pointures-41_1_3";"";"";""
"23";"chaussures";"Tennis Point FR";"active";"signature";"130.00";"63.95";"0071750281800052";"00097512861700";"Chaussures de tennis Wilson Intrigue Pro Chaussure Terre Battue Femmes-Crème";"https://www.tennis-point.fr/products/wilson-intrigue-pro-chaussure-terre-battue-femmes-creme-00717502818000";"";"";""
"23";"chaussures";"Tennis Point FR";"active";"signature";"130.00";"77.95";"0071750280700052";"00097512861236";"Chaussures de tennis Wilson Intrigue Pro Chaussure Terre Battue Femmes-Bleu Foncé";"https://www.tennis-point.fr/products/wilson-intrigue-pro-chaussure-terre-battue-femmes-bleu-fonce-00717502807000";"";"";""
"23";"chaussures";"Tennis Point FR";"active";"signature";"130.00";"64.95";"0071750281300052";"00097512876605";"Chaussures de tennis Wilson Intrigue Pro Chaussure Terre Battue Femmes-Blanc,Bleu Foncé";"https://www.tennis-point.fr/products/wilson-intrigue-pro-chaussure-terre-battue-femmes-blancbleu-fonce-00717502813000";"";"";""
"24";"accessoires";"Tennispro.fr";"active";"reference";"89.95";"62.95";"751235-105";"";"Sac de tennis Babolat Evo Court L";"https://www.tennispro.fr/sac-de-tennis-babolat-evo-court-l-735787.html";"identique";"même référence 751235 (Evo Court = Court)";"identique"
"24";"accessoires";"Tennispro.fr";"active";"reference";"89.95";"62.95";"751235-102";"";"Sac de tennis Babolat Court L";"https://www.tennispro.fr/sac-de-tennis-babolat-court-l-779358.html";"";"";""
"24";"accessoires";"Babolat";"tracked";"reference";"89.95";"89.95";"751235";"";"Sac de tennis Babolat Court L";"https://www.babolat.com/fr/court-l/751235.html";"";"";""
"25";"textile";"Tennispro.fr";"active";"signature";"35.00";"21.97";"KB8002-128";"";"Short de tennis Adidas Junior Club";"https://www.tennispro.fr/short-adidas-junior-club-827864.html";"a_confirmer";"shorts Club junior de 4 saisons (2022 à 2026), « Club » et « Club 3S » réunis par D-2026-09-30-01 (prix proche)";"identique"
"25";"textile";"SportSystem";"active";"signature";"30.00";"24.00";"HR4290-HR4236-HR4289";"";"Short de tennis Adidas Short tennis junior Adidas Club 3S Enfant";"https://www.sportsystem.fr/vetements-tennis-unisexe-garcon/short-tennis-junior-adidas-club-3s-120416.html#/720-couleur-bleu_marine/2032-taille_enfant-xxs_4_6_ans_104_116_cm";"";"";""
"25";"textile";"SportSystem";"active";"signature";"30.00";"24.00";"JP1048";"";"Short de tennis Adidas Short de tennis junior Adidas Club 3S bleu marine Enfant";"https://www.sportsystem.fr/vetements-tennis-unisexe-garcon/short-de-tennis-junior-adidas-club-3s-bleu-marine-149568.html#/358-taille_enfant-xs_6_8_ans_116_128_cm/720-couleur-bleu_marine";"";"";""
"25";"textile";"SportSystem";"active";"signature";"30.00";"21.00";"JI9255";"4067905020331";"Short de tennis Adidas Short de tennis junior Adidas Club 3S vert fluo Enfant";"https://www.sportsystem.fr/vetements-tennis-unisexe-garcon/short-de-tennis-junior-adidas-club-3s-vert-fluo-149566.html#/358-taille_enfant-xs_6_8_ans_116_128_cm/1713-couleur-vert_fluo";"";"";""
"25";"textile";"SportSystem";"active";"signature";"28.00";"22.40";"H34763-HN6287";"";"Short de tennis Adidas Short tennis junior Club Enfant";"https://www.sportsystem.fr/vetements-tennis-unisexe-garcon/short-tennis-junior-club-106532.html#/351-couleur-beige/358-taille_enfant-xs_6_8_ans_116_128_cm";"";"";""
"25";"textile";"SportSystem";"active";"signature";"30.00";"21.00";"JI9254";"4067905016426";"Short de tennis Adidas Short de tennis junior Adidas Club 3S noir Enfant";"https://www.sportsystem.fr/vetements-tennis-unisexe-garcon/short-de-tennis-junior-adidas-club-3s-noir-149563.html#/104-couleur-noir/1952-taille_enfant-xxs_4_6_ans_100_110_cm";"";"";""
"26";"raquettes";"Tennispro.fr";"active";"reference";"229.95";"154.00";"101555";"";"Raquette de tennis Babolat Pure Drive Lite (270 Gr)";"https://www.tennispro.fr/raquette-babolat-pure-drive-lite-270-gr-737608.html";"identique";"même référence 101555 / 102555 ; cordée / non cordée";"identique"
"26";"raquettes";"Tennispro.fr";"active";"reference";"239.95";"164.00";"102555";"";"Raquette de tennis Babolat Pure Drive Lite (270 Gr) (cordee)";"https://www.tennispro.fr/raquette-babolat-pure-drive-lite-270-gr-cordee-737613.html";"";"";""
"26";"raquettes";"Babolat";"tracked";"reference";"229.95";"229.95";"101555";"";"Raquette de tennis Babolat Pure Drive Lite Gen11 Non cordée";"https://www.babolat.com/fr/pure-drive-lite-gen11-non-cordee/101555.html";"";"";""
"26";"raquettes";"Babolat";"tracked";"reference";"239.95";"239.95";"102555";"";"Raquette de tennis Babolat Pure Drive Lite Gen11 cordée";"https://www.babolat.com/fr/pure-drive-lite-gen11-cordee/102555.html";"";"";""
"26";"raquettes";"SportSystem";"active";"reference";"229.95";"183.96";"101555";"3324922165898";"Raquette de tennis Babolat Babolat Pure Drive Lite Gén 11 2025 légère et puissante";"https://www.sportsystem.fr/raquettes-tennis-adulte/babolat-pure-drive-lite-gen-11-2025-raquette-de-tennis-legere-et-puissante-147283.html#/77-taille_de_manche-0_4_0_8";"";"";""
"27";"textile";"Tecnifibre";"active";"signature";"120.00";"60.00";"21WTOUJA41";"";"Veste de tennis Tecnifibre Tour Jacket Marine Femme";"https://www.tecnifibre.com/products/tour-jacket-marine-femme";"a_confirmer";"Tecnifibre 21WTOUJA41 (collection 2021 ?) / Tennis Point FR sans référence";"identique"
"27";"textile";"Tennis Point FR";"active";"signature";"120.00";"35.95";"0124750155300001";"";"Vêtement de tennis Tecnifibre Tour Veste De Survêtement Femmes-Bleu Foncé";"https://www.tennis-point.fr/products/tecnifibre-tour-veste-de-survetement-femmes-bleu-fonce-01247501553000";"";"";""
"28";"chaussures";"Sport 2000";"active";"signature";"84.99";"59.49";"FZ2155-104";"0198482862626";"Chaussures de tennis NIKE Homme M VAPOR LITE 3 HC Blanc Homme";"https://www.sport2000.fr/products/fz2155-104-sport2000";"identique";"titres concordants";"identique"
"28";"chaussures";"Tennis Point FR";"active";"signature";"84.99";"49.95";"A000000333070206";"198487812909";"Chaussures de tennis Nike Vapor Lite 3 Chaussures toutes surfaces Hommes-blanc, vert clair";"https://www.tennis-point.fr/products/nike-vapor-lite-3-chaussures-toutes-surfaces-hommes-blanc-vert-clair-a0000003330702";"";"";""
"29";"cordages";"Tennispro.fr";"active";"signature";"130.00";"84.90";"886427";"";"Bobine de cordage de tennis Head Velocity Mlt (200 Metres)";"https://www.tennispro.fr/bobine-head-velocity-mlt-200-metres-886427.html";"identique";"jauge = variante (Tennispro.fr, Head)";"identique"
"29";"cordages";"Tennispro.fr";"active";"signature";"130.00";"87.90";"886429";"";"Bobine de cordage de tennis Head Velocity Mlt (200 Metres)";"https://www.tennispro.fr/bobine-head-velocity-mlt-200-metres-886429.html";"";"";""
"29";"cordages";"Tennispro.fr";"active";"reference";"130.00";"87.90";"281414-PK";"";"Bobine de cordage de tennis Head Velocity Mlt (200 Metres)";"https://www.tennispro.fr/bobine-head-velocity-mlt-200-metres-886433.html";"";"";""
"29";"cordages";"Tennispro.fr";"active";"signature";"130.00";"87.90";"886425";"";"Bobine de cordage de tennis Head Velocity Mlt (200 Metres)";"https://www.tennispro.fr/bobine-head-velocity-mlt-200-metres-886425.html";"";"";""
"29";"cordages";"Tennispro.fr";"active";"reference";"130.00";"87.90";"281414-BK";"";"Bobine de cordage de tennis Head Velocity Mlt (200 Metres)";"https://www.tennispro.fr/bobine-head-velocity-mlt-200-metres-886431.html";"";"";""
"29";"cordages";"Head";"tracked";"signature";"130.00";"130.00";"4";"";"HEAD Velocity MLT 200m bobine de cordage de tennis";"https://www.head.com/fr_FR/product/velocity-mlt-reel-4";"";"";""
"30";"accessoires";"Tennispro.fr";"active";"reference";"55.00";"26.00";"262615-PU";"";"Sac à dos de tennis Head Pat Patrouille";"https://www.tennispro.fr/sac-a-dos-head-pat-patrouille-830939.html";"identique";"même référence 262615 (famille non reconnue)";"identique"
"30";"accessoires";"Head";"tracked";"reference";"55.00";"55.00";"262615";"";"HEAD Kids Paw Patrol Sac à dos";"https://www.head.com/fr_FR/product/paw-patrol-backpack-pu-262615";"";"";""
