marchand,url,affiliation_reseau,flux_produits,robots_ok,cgu_clause,gtin_expose,gtin_source,recouvrement_sur_8,plateforme,rendu,anti_bot,page_promo,volume_promo_tennis,verdict,commentaire,verif_claude_code,decision_mathieu
Extreme Tennis,https://www.extreme-tennis.fr/fr/,aucun programme public trouvé (seul un programme Coach/Club),non vérifié,non vérifié (robots.txt non lisible depuis l'environnement),"Mentions légales : ""Toute reproduction, représentation, modification, publication, adaptation de tout ou partie des éléments du site [...] est interdite"" ; CGV : aucune clause spécifique",non vérifié,non vérifié (l'outil de lecture ne restitue pas le JSON-LD),8/8,PrestaShop,listing et prix lisibles sans JS (probablement rendu serveur),non observable,https://www.extreme-tennis.fr/fr/16-les-bons-plans,"2321 (textile 976, cordages 349, raquettes 348, chaussures 219, bagagerie 163)",prioritaire,"Plus gros volume vérifié ; affiliation à obtenir hors programme public","2026-09-27 : robots.txt OK pour fiches/catégories mais pagination ?page= et &page= interdite (sitemaps autorisés) ; pas d'anti-bot (curl 200) ; pas de GTIN, mpn = réf. fabricant dans le JSON-LD Product (Head 232026, Dunlop 10349668, Asics 1041A481-104) ; prix barré = « Prix public » (PPC) ou prix d'origine ; éditeur SARL EXTREME TENNIS, qui édite aussi tennisdeals.be (GAP-2026-09-25-10)",
Tennis Achat,https://www.tennisachat.com/,aucun programme public trouvé,non vérifié,non vérifié,"CGV : aucune clause spécifique ; mentions légales non lues (limite de requêtes atteinte)",non vérifié,non vérifié,8/8,Magento,listing et prix lisibles sans JS,non observable,https://www.tennisachat.com/outlet.html,"4409 articles outlet (pas de ventilation par catégorie affichée)",prioritaire,"Volume très élevé mais inclut grips, balles, accessoires ; vérifier le prix de référence barré","2026-09-27 : édité par Tennispro SAS (même société que Tennispro.fr, déjà intégré) ; Crawl-delay 60 ; pas d'anti-bot ; pas de JSON-LD, mpn dans le dataLayer (Head 236014) ; prix barré = « Prix public conseillé par le fournisseur en 2025 » ; mentions légales sans clause sur la reproduction ou les liens",
Intersport,https://www.intersport.fr/,Kwanko (fiche programme Intersport ; pays non précisé sur la page publique),non vérifié (nécessite un compte éditeur),non vérifié,non vérifié,référence fabricant visible dans l'URL (ex. p-1041A414JX = code style Asics),URL de la fiche produit (JSON-LD non vérifié),"5/8 confirmés (Pure Aero, Pure Drive, Clash, Gel-Resolution, Gel-Dedicate)",non identifiée,produits absents du HTML lu : rendu JS probable,non observable,https://www.intersport.fr/soldes/sports-raquette/,non vérifié (grille chargée en JS),prioritaire,"Seul candidat solide avec affiliation réelle ; volume promo à mesurer","2026-09-27 : captcha DataDome sur robots.txt et toutes les pages, y compris avec un vrai navigateur (Playwright non headless) → anti-bot actif, collecte directe impossible sans contournement ; seule voie = flux Kwanko",
Sports Raquettes,https://www.sportsraquettes.fr/842-tennis,aucun programme d'affiliation trouvé (partenariats clubs uniquement),non vérifié,non vérifié,CGV : aucune clause spécifique,non vérifié,non vérifié,"4/8 confirmés par fiche (Pure Aero, Blade, Clash, Gel-Resolution) ; Pure Drive, Speed, Radical via titres de catégories",PrestaShop,listing et prix lisibles sans JS,non observable,https://www.sportsraquettes.fr/1079-promotions-tennis,"472 (vêtements 184, chaussures 84, raquettes 80, cordages 79, bagagerie 35, accessoires 25, balles 1)",possible,"Bon volume par catégorie, CGV neutres ; pas d'affiliation","2026-09-27 : robots.txt n'interdit que les paramètres de commande/tri, pas de Crawl-delay ; pas d'anti-bot ; GTIN13 + mpn dans le JSON-LD Product (syntaxe non stricte) : Head Extreme MP 0198772203283 / 233316-U, Asics Solution Speed FF 4 4571633405723 / 1041A532-300, Gel-Resolution X 4570158165839 / 1041A481-100 ; prix barré = regular-price PrestaShop, nature (PPC ou ancien prix) non établie",
Tennis Compagnie,https://tennis-compagnie.fr/,aucun programme public trouvé,non vérifié,non vérifié,"CGV : ""toute copie intégrale ou partielle d'une page du site est strictement interdite""",non vérifié,non vérifié,"6/8 (Pure Aero, Pure Drive, Speed, Blade, Clash, Gel-Resolution)",PrestaShop,listing et prix lisibles sans JS,non observable,https://tennis-compagnie.fr/27-bon-plan-tennis,"≥221 (soldes raquettes 161 + déstockage chaussures 60 ; textile, cordages, accessoires non comptés)",possible,"Clause anti-copie à faire valider ; pas d'affiliation","2026-09-27 : robots.txt absent (404) ; pas d'anti-bot ; JSON-LD valide avec GTIN13 par variante (taille/pointure) : Head Speed MP 2022 T2 0724794367483, Gel-Resolution X pointure 46 = 4570158165839 = même GTIN que Sports Raquettes (rapprochement inter-marchands prouvé) ; prix barré = regular-price PrestaShop, nature non établie",
Smash Inn (Tradeinn),https://www.tradeinn.com/smashinn/fr,CJ (Commission Junction) 5 % selon getlasso.co (source tierce),non vérifié,non vérifié,non vérifié (page lue refusée en 403),non vérifié,non vérifié,1/8 confirmé (Gel-Resolution) ; autres non vérifiés,propriétaire Tradeinn,non vérifié,page refusée en 403 à l'outil de lecture (blocage possible),non trouvée,non vérifié,possible,"Affiliation existante mais site mixte tennis/padel et accès difficile",,
Tennisplanet,https://www.tennisplanet.fr/,aucun programme trouvé,non vérifié,non vérifié,"non vérifié (CGV en PDF externe, non lues)",non vérifié,non vérifié,"5/8 (Pure Aero, Speed, Radical, Blade, Clash)",Magento (société Etrias B.V.),prix outlet absents du texte lu : JS probable,non observable,https://www.tennisplanet.fr/outlet,"compteur 23 399 « offres » (padel inclus ; chiffre à vérifier, prix barrés non vus)",possible,"Opérateur néerlandais ; volume annoncé très élevé mais non vérifié",,
ASICS FR,https://www.asics.com/fr/fr-fr/,page « Affiliate Program » sur asics.com (réseau non confirmé ; contenu non lisible : trop de redirections),non vérifié,non vérifié,non vérifié,non vérifié,non vérifié,2/8 (marque des modèles Gel-Resolution et Gel-Dedicate),non vérifié,non vérifié,page refusée (trop de redirections),non vérifiée,non vérifié,possible,"Chaussures et textile uniquement",,
adidas FR,https://www.adidas.fr/,"Awin (merchant 77010) 2-15 %, cookie 30 j",non mentionné sur la fiche publique,non vérifié,non vérifié,non vérifié,non vérifié,0/8 (ne vend que sa marque),non vérifié,non vérifié,non observable,non vérifiée,non vérifié,possible,"Chaussures et textile uniquement",,
Tennis Premium,https://tennis-premium.fr/,aucun programme trouvé,non vérifié,non vérifié,non vérifié (CGU existent mais non lues),non vérifié,non vérifié,"3/8 (Pure Aero, Pure Drive, Radical)",PrestaShop,lisible sans JS,non observable,https://tennis-premium.fr/1232-destockage-articles-de-tennis,"108 (adidas 41, Babolat 15, Wilson 14, Asics 11, Prince 9, Head 8)",possible,"Petit magasin (Le Pontet) ; volume modeste",,
Tennis Warehouse Europe,https://www.tenniswarehouse-europe.com/?lang=fr,aucun programme public ; liens partenaires directs (?from=tennerd),non vérifié,non vérifié,"CGV art. 10 : ""Tout lien vers notre site internet www.tenniswarehouse-europe.com nécessite un accord écrit préalable""",non vérifié,non vérifié,8/8,propriétaire (non identifiée),rendu serveur probable,non observable,https://www.tenniswarehouse-europe.com/catpage-TENNISALE-FR.html,"~40 raquettes, ~25 chaussures homme (le reste non compté)",écarté,"Clause de liens du même type que Yonex ; prix barrés = prix conseillé, pas le prix de vente précédent",,
Tennisland,https://www.tennisland.fr/,aucun programme trouvé,non vérifié,non vérifié,"Art. 12.1 : ""Toute création de liens hypertextes vers la page d'accueil du Site, ou toute autre page du Site, est soumise à l'accord préalable et écrit de Tennisland"" ; art. 2 : interdiction d'exploiter à des fins commerciales ""n'importe quelle partie du Site""",non vérifié,non vérifié,"≥3/8 (Pure Aero, Pure Drive, Blade)",PrestaShop,non vérifié,non observable,https://www.tennisland.fr/promotions,non vérifié,écarté,Clause de liens + interdiction d'usage commercial,,
Promotennis,https://www.promo-tennis.com/,non vérifié,non vérifié,"non vérifié : robots.txt répond en erreur 503, donc l'outil de lecture refuse le site",non vérifié,non vérifié,non vérifié,1/8 vu dans l'index (Pure Drive Team 2020),non vérifié,non vérifié,possible (robots.txt en 503),non vérifiée,non vérifié,écarté,"Provisoire : aucun critère vérifiable ; à revoir avec un navigateur",,
Go Sport,https://www.go-sport.com/,non vérifié,non vérifié,non vérifié,non vérifié,non vérifié,non vérifié,non vérifié,non vérifié,non vérifié,non vérifié,non vérifiée,non vérifié,écarté,Enseigne rachetée par Intersport ; magasins en fermeture,,
Lacoste FR,https://www.lacoste.com/fr/,"Awin (merchant 13231), actif ; ""CSS non autorisé à date""",non mentionné,non vérifié,non vérifié,non vérifié,non vérifié,0/8,non vérifié,non vérifié,non observable,non vérifiée,non vérifié,écarté,"0/8 ; textile uniquement, part tennis du catalogue non mesurée",,
ATO Club,https://www.ato-club.com/,aucun programme trouvé,non vérifié,non vérifié,non vérifié,non vérifié,non vérifié,1/8 vu (Head Speed MP 2026),WooCommerce,non vérifié,non observable,https://www.ato-club.com/categorie-produit/e-bon-plan/raquettes/,108 raquettes en « e-bon plan » (autres catégories non comptées),écarté,Boutique d'un club (Orsay) ; peu de marques visibles,,
Destock-Tennis,https://destock-tennis.fr/,non vérifié,non vérifié,non vérifié,non vérifié,non vérifié,non vérifié,"0/8 (marques Topspin, Dynaflex, Challenger)",PrestaShop,non vérifié,non observable,https://destock-tennis.fr/promotions,3,écarté,Volume quasi nul ; aucune grande marque,,
Tennis Zone,https://tennis-zone.fr/,non vérifié,non vérifié,non vérifié,non vérifié,non vérifié,non vérifié,non vérifié,non vérifié,non vérifié,non observable,section SOLDES (URL non relevée),non vérifié,écarté,"Provisoire : éditeur non identifié (titre de page « Francja »), tennis mêlé au padel, badminton et squash",,
